Insert into ROOMS (ID,SHORT_DESCRIPTION,FULL_DESCRIPTION,PERSONS,NUMBER_OF_ROOMS,PRICE,IS_BOOKED,IS_SHOWN,HAS_BREAKFAST,URL_PHOTO1,URL_PHOTO2,URL_PHOTO3,RATING_POSITION,RATING_COMFORT,RATING_PRICE,RATING_QUALITY,RATING_AVG,NAME) values (20,'Room 5','Room 5 with fasilities',3,2,346,0,1,1,'img/room_list_1.jpg','urlPhoto2','urlPhoto3',4,4,4,4,4,'This room');
Insert into ROOMS (ID,SHORT_DESCRIPTION,FULL_DESCRIPTION,PERSONS,NUMBER_OF_ROOMS,PRICE,IS_BOOKED,IS_SHOWN,HAS_BREAKFAST,URL_PHOTO1,URL_PHOTO2,URL_PHOTO3,RATING_POSITION,RATING_COMFORT,RATING_PRICE,RATING_QUALITY,RATING_AVG,NAME) values (35,'short1','full1',2,2,2,0,1,1,'Some url for photo 1',null,null,2,2,2,2,0,'Some name');
Insert into ROOMS (ID,SHORT_DESCRIPTION,FULL_DESCRIPTION,PERSONS,NUMBER_OF_ROOMS,PRICE,IS_BOOKED,IS_SHOWN,HAS_BREAKFAST,URL_PHOTO1,URL_PHOTO2,URL_PHOTO3,RATING_POSITION,RATING_COMFORT,RATING_PRICE,RATING_QUALITY,RATING_AVG,NAME) values (40,'s3','f4cascascascacCdc',4,3,3,0,1,1,'Some url for photo 1',null,null,3,3,3,3,3,'Some name');
Insert into ROOMS (ID,SHORT_DESCRIPTION,FULL_DESCRIPTION,PERSONS,NUMBER_OF_ROOMS,PRICE,IS_BOOKED,IS_SHOWN,HAS_BREAKFAST,URL_PHOTO1,URL_PHOTO2,URL_PHOTO3,RATING_POSITION,RATING_COMFORT,RATING_PRICE,RATING_QUALITY,RATING_AVG,NAME) values (38,'s1','f1',2,2,2,0,0,1,'Some url for photo 1',null,null,5,2,5,2,4,'Some name');
Insert into ROOMS (ID,SHORT_DESCRIPTION,FULL_DESCRIPTION,PERSONS,NUMBER_OF_ROOMS,PRICE,IS_BOOKED,IS_SHOWN,HAS_BREAKFAST,URL_PHOTO1,URL_PHOTO2,URL_PHOTO3,RATING_POSITION,RATING_COMFORT,RATING_PRICE,RATING_QUALITY,RATING_AVG,NAME) values (41,'3','5',4,4,4,0,0,0,'Some url for photo 1',null,null,4,4,4,4,0,'Some name');
Insert into ROOMS (ID,SHORT_DESCRIPTION,FULL_DESCRIPTION,PERSONS,NUMBER_OF_ROOMS,PRICE,IS_BOOKED,IS_SHOWN,HAS_BREAKFAST,URL_PHOTO1,URL_PHOTO2,URL_PHOTO3,RATING_POSITION,RATING_COMFORT,RATING_PRICE,RATING_QUALITY,RATING_AVG,NAME) values (1,'Good room on the first floor with video','Good room on the first floor with video. All people are happy to live there',2,1,105,0,1,0,'URL1','URL2','URL3',4,4,4,4,4,'Double Room');
Insert into ROOMS (ID,SHORT_DESCRIPTION,FULL_DESCRIPTION,PERSONS,NUMBER_OF_ROOMS,PRICE,IS_BOOKED,IS_SHOWN,HAS_BREAKFAST,URL_PHOTO1,URL_PHOTO2,URL_PHOTO3,RATING_POSITION,RATING_COMFORT,RATING_PRICE,RATING_QUALITY,RATING_AVG,NAME) values (2,'Room with hollidays atmosphere','Room with hollidays atmosphere. Funny to live there',5,2,319,0,0,0,'URL4','URL5','URL6',5,4,3,4,4,'Hidden Room');
Insert into ROOMS (ID,SHORT_DESCRIPTION,FULL_DESCRIPTION,PERSONS,NUMBER_OF_ROOMS,PRICE,IS_BOOKED,IS_SHOWN,HAS_BREAKFAST,URL_PHOTO1,URL_PHOTO2,URL_PHOTO3,RATING_POSITION,RATING_COMFORT,RATING_PRICE,RATING_QUALITY,RATING_AVG,NAME) values (3,'поменял описание','йо-хо-хо',1,2,690,1,1,1,'URL7','URL8','URL9',4,4,4,4,4,'Single Room');
Insert into ROOMS (ID,SHORT_DESCRIPTION,FULL_DESCRIPTION,PERSONS,NUMBER_OF_ROOMS,PRICE,IS_BOOKED,IS_SHOWN,HAS_BREAKFAST,URL_PHOTO1,URL_PHOTO2,URL_PHOTO3,RATING_POSITION,RATING_COMFORT,RATING_PRICE,RATING_QUALITY,RATING_AVG,NAME) values (4,'Best room for business people','Best room for business people. All things are for you here',1,2,690,0,1,1,'URL10','URL11','URL12',4,4,4,4,5,'Single Room');
Insert into ROOMS (ID,SHORT_DESCRIPTION,FULL_DESCRIPTION,PERSONS,NUMBER_OF_ROOMS,PRICE,IS_BOOKED,IS_SHOWN,HAS_BREAKFAST,URL_PHOTO1,URL_PHOTO2,URL_PHOTO3,RATING_POSITION,RATING_COMFORT,RATING_PRICE,RATING_QUALITY,RATING_AVG,NAME) values (5,'11112112Best room for business people','Best room for business people. All things are for you here',1,2,690,0,1,1,'URL13','URL14','URL15',4,4,4,4,4,'Single Room');
Insert into ROOMS (ID,SHORT_DESCRIPTION,FULL_DESCRIPTION,PERSONS,NUMBER_OF_ROOMS,PRICE,IS_BOOKED,IS_SHOWN,HAS_BREAKFAST,URL_PHOTO1,URL_PHOTO2,URL_PHOTO3,RATING_POSITION,RATING_COMFORT,RATING_PRICE,RATING_QUALITY,RATING_AVG,NAME) values (6,'я поменял описание ррррррррррр','и это описание тоже ррррррррррр',1,2,690,0,1,1,'URL16','URL17','URL18',4,4,4,4,4,'Single Room');
Insert into ROOMS (ID,SHORT_DESCRIPTION,FULL_DESCRIPTION,PERSONS,NUMBER_OF_ROOMS,PRICE,IS_BOOKED,IS_SHOWN,HAS_BREAKFAST,URL_PHOTO1,URL_PHOTO2,URL_PHOTO3,RATING_POSITION,RATING_COMFORT,RATING_PRICE,RATING_QUALITY,RATING_AVG,NAME) values (7,'Best room for business people','Best room for business people. All things are for you here',1,2,690,0,1,1,'URL19','URL20','URL21',4,4,4,4,4,'Single Room');
Insert into ROOMS (ID,SHORT_DESCRIPTION,FULL_DESCRIPTION,PERSONS,NUMBER_OF_ROOMS,PRICE,IS_BOOKED,IS_SHOWN,HAS_BREAKFAST,URL_PHOTO1,URL_PHOTO2,URL_PHOTO3,RATING_POSITION,RATING_COMFORT,RATING_PRICE,RATING_QUALITY,RATING_AVG,NAME) values (8,'Best room for business people','Best room for business people. All things are for you here',1,2,690,0,1,1,'URL22','URL23','URL24',4,4,4,4,4,'Single Room');
Insert into ROOMS (ID,SHORT_DESCRIPTION,FULL_DESCRIPTION,PERSONS,NUMBER_OF_ROOMS,PRICE,IS_BOOKED,IS_SHOWN,HAS_BREAKFAST,URL_PHOTO1,URL_PHOTO2,URL_PHOTO3,RATING_POSITION,RATING_COMFORT,RATING_PRICE,RATING_QUALITY,RATING_AVG,NAME) values (9,'Best room for business people','Best room for business people. All things are for you here',1,2,690,0,1,1,'URL25','URL26','URL27',4,4,4,4,4,'Single Room');
Insert into ROOMS (ID,SHORT_DESCRIPTION,FULL_DESCRIPTION,PERSONS,NUMBER_OF_ROOMS,PRICE,IS_BOOKED,IS_SHOWN,HAS_BREAKFAST,URL_PHOTO1,URL_PHOTO2,URL_PHOTO3,RATING_POSITION,RATING_COMFORT,RATING_PRICE,RATING_QUALITY,RATING_AVG,NAME) values (10,'Best room for business people','Best room for business people. All things are for you here',1,2,690,0,1,1,'URL28','URL29','URL30',4,4,4,4,5,'Single Room');
Insert into ROOMS (ID,SHORT_DESCRIPTION,FULL_DESCRIPTION,PERSONS,NUMBER_OF_ROOMS,PRICE,IS_BOOKED,IS_SHOWN,HAS_BREAKFAST,URL_PHOTO1,URL_PHOTO2,URL_PHOTO3,RATING_POSITION,RATING_COMFORT,RATING_PRICE,RATING_QUALITY,RATING_AVG,NAME) values (11,'Best room for business people','Best room for business people. All things are for you here',1,2,690,0,1,1,'URL31','URL32','URL33',4,4,4,4,5,'Single Room');
Insert into ROOMS (ID,SHORT_DESCRIPTION,FULL_DESCRIPTION,PERSONS,NUMBER_OF_ROOMS,PRICE,IS_BOOKED,IS_SHOWN,HAS_BREAKFAST,URL_PHOTO1,URL_PHOTO2,URL_PHOTO3,RATING_POSITION,RATING_COMFORT,RATING_PRICE,RATING_QUALITY,RATING_AVG,NAME) values (12,'Best room for business people','Best room for business people. All things are for you here',1,2,690,0,1,1,'URL34','URL35','URL36',4,4,4,4,5,'Single Room');
Insert into ROOMS (ID,SHORT_DESCRIPTION,FULL_DESCRIPTION,PERSONS,NUMBER_OF_ROOMS,PRICE,IS_BOOKED,IS_SHOWN,HAS_BREAKFAST,URL_PHOTO1,URL_PHOTO2,URL_PHOTO3,RATING_POSITION,RATING_COMFORT,RATING_PRICE,RATING_QUALITY,RATING_AVG,NAME) values (13,'vSDVdvgWDGwdgv','FdgDGWDGWEG',3,2,346,0,1,1,'urlPhoto3','urlPhoto2','urlPhoto3',3,3,2,4,3,'Single Room');
Insert into ROOMS (ID,SHORT_DESCRIPTION,FULL_DESCRIPTION,PERSONS,NUMBER_OF_ROOMS,PRICE,IS_BOOKED,IS_SHOWN,HAS_BREAKFAST,URL_PHOTO1,URL_PHOTO2,URL_PHOTO3,RATING_POSITION,RATING_COMFORT,RATING_PRICE,RATING_QUALITY,RATING_AVG,NAME) values (32,'Room 5','Room 5 with fasilities',3,2,346,0,1,1,'urlPhoto1','urlPhoto2','urlPhoto3',4,4,4,4,4,'Some name');
Insert into ROOMS (ID,SHORT_DESCRIPTION,FULL_DESCRIPTION,PERSONS,NUMBER_OF_ROOMS,PRICE,IS_BOOKED,IS_SHOWN,HAS_BREAKFAST,URL_PHOTO1,URL_PHOTO2,URL_PHOTO3,RATING_POSITION,RATING_COMFORT,RATING_PRICE,RATING_QUALITY,RATING_AVG,NAME) values (33,'Edit room 101','Room 75 with fasilities',3,2,346,0,1,1,'urlPhoto1','urlPhoto2','urlPhoto3',4,4,4,4,4,'Some ef name');
Insert into ROOMS (ID,SHORT_DESCRIPTION,FULL_DESCRIPTION,PERSONS,NUMBER_OF_ROOMS,PRICE,IS_BOOKED,IS_SHOWN,HAS_BREAKFAST,URL_PHOTO1,URL_PHOTO2,URL_PHOTO3,RATING_POSITION,RATING_COMFORT,RATING_PRICE,RATING_QUALITY,RATING_AVG,NAME) values (34,'short','full',4,3,323,0,1,0,'Some url for photo 1',null,null,4,3,4,3,4,'Some name');
Insert into ROOMS (ID,SHORT_DESCRIPTION,FULL_DESCRIPTION,PERSONS,NUMBER_OF_ROOMS,PRICE,IS_BOOKED,IS_SHOWN,HAS_BREAKFAST,URL_PHOTO1,URL_PHOTO2,URL_PHOTO3,RATING_POSITION,RATING_COMFORT,RATING_PRICE,RATING_QUALITY,RATING_AVG,NAME) values (42,'Grey room','Big, very big hall.',3,4,12,0,0,0,'Some url for photo 1',null,null,1,2,3,4,3,'Some name');

Insert into FACILITIES (ID,NAME,DESCRIPTION) values (3,'DVD_player','DVD player');
Insert into FACILITIES (ID,NAME,DESCRIPTION) values (4,'Wifi','Wifi');
Insert into FACILITIES (ID,NAME,DESCRIPTION) values (1,'Coffee_machine','Coffee machine');
Insert into FACILITIES (ID,NAME,DESCRIPTION) values (2,'CARDKEY','Fridge');
Insert into FACILITIES (ID,NAME,DESCRIPTION) values (5,'Hairdryer','Hairdryer');
Insert into FACILITIES (ID,NAME,DESCRIPTION) values (6,'Air-conditioning','Air-conditioning');
Insert into FACILITIES (ID,NAME,DESCRIPTION) values (7,'safebox','safebox');
Insert into FACILITIES (ID,NAME,DESCRIPTION) values (8,'Towels','Towels');
Insert into FACILITIES (ID,NAME,DESCRIPTION) values (9,'TV','TV');
Insert into FACILITIES (ID,NAME,DESCRIPTION) values (10,'Oven','Oven');
Insert into FACILITIES (ID,NAME,DESCRIPTION) values (11,'WC','WC');
Insert into FACILITIES (ID,NAME,DESCRIPTION) values (12,'badkingsize','king size bad');

Insert into ROOM_FACILITIES (ROOM_ID,FACILITY_ID) values (6,6);
Insert into ROOM_FACILITIES (ROOM_ID,FACILITY_ID) values (6,2);
Insert into ROOM_FACILITIES (ROOM_ID,FACILITY_ID) values (6,3);
Insert into ROOM_FACILITIES (ROOM_ID,FACILITY_ID) values (6,12);
Insert into ROOM_FACILITIES (ROOM_ID,FACILITY_ID) values (6,11);
Insert into ROOM_FACILITIES (ROOM_ID,FACILITY_ID) values (3,4);
Insert into ROOM_FACILITIES (ROOM_ID,FACILITY_ID) values (3,2);
Insert into ROOM_FACILITIES (ROOM_ID,FACILITY_ID) values (3,9);
Insert into ROOM_FACILITIES (ROOM_ID,FACILITY_ID) values (3,10);
Insert into ROOM_FACILITIES (ROOM_ID,FACILITY_ID) values (3,5);
Insert into ROOM_FACILITIES (ROOM_ID,FACILITY_ID) values (7,1);
Insert into ROOM_FACILITIES (ROOM_ID,FACILITY_ID) values (13,10);
Insert into ROOM_FACILITIES (ROOM_ID,FACILITY_ID) values (34,4);
Insert into ROOM_FACILITIES (ROOM_ID,FACILITY_ID) values (33,7);
Insert into ROOM_FACILITIES (ROOM_ID,FACILITY_ID) values (33,5);
Insert into ROOM_FACILITIES (ROOM_ID,FACILITY_ID) values (34,6);
Insert into ROOM_FACILITIES (ROOM_ID,FACILITY_ID) values (34,8);
Insert into ROOM_FACILITIES (ROOM_ID,FACILITY_ID) values (34,2);
Insert into ROOM_FACILITIES (ROOM_ID,FACILITY_ID) values (34,3);
Insert into ROOM_FACILITIES (ROOM_ID,FACILITY_ID) values (34,12);
Insert into ROOM_FACILITIES (ROOM_ID,FACILITY_ID) values (34,1);
Insert into ROOM_FACILITIES (ROOM_ID,FACILITY_ID) values (34,9);
Insert into ROOM_FACILITIES (ROOM_ID,FACILITY_ID) values (34,7);
Insert into ROOM_FACILITIES (ROOM_ID,FACILITY_ID) values (34,11);
Insert into ROOM_FACILITIES (ROOM_ID,FACILITY_ID) values (34,10);
Insert into ROOM_FACILITIES (ROOM_ID,FACILITY_ID) values (34,5);
Insert into ROOM_FACILITIES (ROOM_ID,FACILITY_ID) values (33,8);
Insert into ROOM_FACILITIES (ROOM_ID,FACILITY_ID) values (42,7);
Insert into ROOM_FACILITIES (ROOM_ID,FACILITY_ID) values (42,1);

Insert into ORDERS_STATUS (ID,NAME,DESCRIPTION) values (2,'ORDERED','For current orders');
Insert into ORDERS_STATUS (ID,NAME,DESCRIPTION) values (3,'HOLD','For hold orders');
Insert into ORDERS_STATUS (ID,NAME,DESCRIPTION) values (4,'CLOSED','For closed orders');

Insert into ORDERS (ID,DATE_CHECK_IN,DATE_CHECK_OUT,GREETING_NAME,MAIL,PHONE,COUNT_ADULTS,COUNT_CHILDREN,ORDER_STATUS_ID,ROOM_ID) values (27,DATE('2016-12-16'),DATE('2016-12-18'),'test1','cenobi@mail.com','+1277401',2,0,2,10);
Insert into ORDERS (ID,DATE_CHECK_IN,DATE_CHECK_OUT,GREETING_NAME,MAIL,PHONE,COUNT_ADULTS,COUNT_CHILDREN,ORDER_STATUS_ID,ROOM_ID) values (1,DATE('2016-12-08'),DATE('2016-12-09'),'Ted Merphi','merphi@mail.com','+4238173401',3,1,4,12);
Insert into ORDERS (ID,DATE_CHECK_IN,DATE_CHECK_OUT,GREETING_NAME,MAIL,PHONE,COUNT_ADULTS,COUNT_CHILDREN,ORDER_STATUS_ID,ROOM_ID) values (55,DATE('2016-11-24'),DATE('2016-12-12'),'Obivan Cenobi','cenobi@mail.com','+124577401',1,0,4,2);
Insert into ORDERS (ID,DATE_CHECK_IN,DATE_CHECK_OUT,GREETING_NAME,MAIL,PHONE,COUNT_ADULTS,COUNT_CHILDREN,ORDER_STATUS_ID,ROOM_ID) values (56,DATE('2016-12-21'),DATE('2016-12-31'),'Tom Pitkin','pitkin@mail.com','+1274501',1,0,2,3);
Insert into ORDERS (ID,DATE_CHECK_IN,DATE_CHECK_OUT,GREETING_NAME,MAIL,PHONE,COUNT_ADULTS,COUNT_CHILDREN,ORDER_STATUS_ID,ROOM_ID) values (57,DATE('3016-12-17'),DATE('2016-12-21'),'Ron Martin','martin@mail.com','+1241',1,0,4,3);
Insert into ORDERS (ID,DATE_CHECK_IN,DATE_CHECK_OUT,GREETING_NAME,MAIL,PHONE,COUNT_ADULTS,COUNT_CHILDREN,ORDER_STATUS_ID,ROOM_ID) values (53,DATE('2016-12-13'),DATE('2016-12-16'),'Mark Okon','mark@mail.com','+6238177401',1,0,4,2);
Insert into ORDERS (ID,DATE_CHECK_IN,DATE_CHECK_OUT,GREETING_NAME,MAIL,PHONE,COUNT_ADULTS,COUNT_CHILDREN,ORDER_STATUS_ID,ROOM_ID) values (58,DATE('2016-12-02'),DATE('2016-12-21'),'Ted Merphi1','merphi@mail.com','+4238173401',3,1,4,1);
Insert into ORDERS (ID,DATE_CHECK_IN,DATE_CHECK_OUT,GREETING_NAME,MAIL,PHONE,COUNT_ADULTS,COUNT_CHILDREN,ORDER_STATUS_ID,ROOM_ID) values (61,DATE('2016-12-19'),DATE('2016-12-20'),'Ted Merphi4','merphi@mail.com','+4238173401',3,1,4,3);
Insert into ORDERS (ID,DATE_CHECK_IN,DATE_CHECK_OUT,GREETING_NAME,MAIL,PHONE,COUNT_ADULTS,COUNT_CHILDREN,ORDER_STATUS_ID,ROOM_ID) values (62,DATE('2016-12-21'),DATE('2016-12-30'),'Ted Merphi5','merphi@mail.com','+4238173401',3,1,2,3);
Insert into ORDERS (ID,DATE_CHECK_IN,DATE_CHECK_OUT,GREETING_NAME,MAIL,PHONE,COUNT_ADULTS,COUNT_CHILDREN,ORDER_STATUS_ID,ROOM_ID) values (63,DATE('2016-12-28'),DATE('2016-12-30'),'Ted Merphi6','merphi@mail.com','+4238173401',3,1,3,2);

Insert into FEEDBACK (ID,THEME,MESSAGE,EMAIL) values (1,'good service','everything was perfect!',null);
Insert into FEEDBACK (ID,THEME,MESSAGE,EMAIL) values (2,'pool','dirty water. fix, please',null);
Insert into FEEDBACK (ID,THEME,MESSAGE,EMAIL) values (3,'bar','nice bar and lounge',null);
Insert into FEEDBACK (ID,THEME,MESSAGE,EMAIL) values (4,'restaurant','why there is no vegetarian food in menu?',null);
Insert into FEEDBACK (ID,THEME,MESSAGE,EMAIL) values (6,'45htbertgrth','wergh4yj4htgrfedvfbgth53y4wgrsb srtrgsdv vbrrsfdscx ghbe','wergwergwergwer');
Insert into FEEDBACK (ID,THEME,MESSAGE,EMAIL) values (15,'fcgfbfgnf','dfthsrthsrtjhsrthsrtj','srtdfgdrfg@rtxdfgsdth');
Insert into FEEDBACK (ID,THEME,MESSAGE,EMAIL) values (22,'rdthbsdfv','drthsrth','dfbsrgb');
Insert into FEEDBACK (ID,THEME,MESSAGE,EMAIL) values (31,'Для Сони','Эта страничка мне понравилась больше всего','cas@relex.ru');
Insert into FEEDBACK (ID,THEME,MESSAGE,EMAIL) values (9,null,null,null);
Insert into FEEDBACK (ID,THEME,MESSAGE,EMAIL) values (12,'fgfjuhgfgvn','vnbgfgdrtyygjghnvbfvdsrtdhgnbgvfdcfghnbvcxdzfghbnvcxxsadesrfhgjmnb bvzsrthedyhbgv yjcguhmhgb',null);
Insert into FEEDBACK (ID,THEME,MESSAGE,EMAIL) values (13,'fgryetrgfbnfghg','fgdfgsfdhnbgvgwsrydnhfgbvfd','dfhndseregfbdfgb');
Insert into FEEDBACK (ID,THEME,MESSAGE,EMAIL) values (14,'fgryetrgfbnfghg','fgdfgsfdhnbgvgwsrydnhfgbvfd','dfhndseregfbdfgb@drtdfgxhfnh');
Insert into FEEDBACK (ID,THEME,MESSAGE,EMAIL) values (16,'strhyw5','dxgdnseryhgbhry54bxgnm','ddthdfghfd@rtfh');
Insert into FEEDBACK (ID,THEME,MESSAGE,EMAIL) values (18,'drtyrthsrth','dfgsdrgsdfvsdgaw','srthergw4e5@drgdrfg');
Insert into FEEDBACK (ID,THEME,MESSAGE,EMAIL) values (19,'xdf','xdfbdshdfbg','srg@dfb');
Insert into FEEDBACK (ID,THEME,MESSAGE,EMAIL) values (20,'tdhfgafse','stsdrgfawefd','dfgsergt');
Insert into FEEDBACK (ID,THEME,MESSAGE,EMAIL) values (21,'xdn','cdfgn','fgn@dftgh');
Insert into FEEDBACK (ID,THEME,MESSAGE,EMAIL) values (26,'1234','123412341234','12341234');
Insert into FEEDBACK (ID,THEME,MESSAGE,EMAIL) values (27,'1234','123412341234','12341234');
Insert into FEEDBACK (ID,THEME,MESSAGE,EMAIL) values (29,'hghn','cvbcvbcvb','cbcvb');
Insert into FEEDBACK (ID,THEME,MESSAGE,EMAIL) values (7,null,null,null);
Insert into FEEDBACK (ID,THEME,MESSAGE,EMAIL) values (8,null,null,null);
Insert into FEEDBACK (ID,THEME,MESSAGE,EMAIL) values (10,'trtgewfrgbfnh','drtdrgef',null);
Insert into FEEDBACK (ID,THEME,MESSAGE,EMAIL) values (17,'driulgkjf.AD','fthfgfgdhgkejfefdglkfj','dftgreyuryt@fthdgfujkht');
Insert into FEEDBACK (ID,THEME,MESSAGE,EMAIL) values (23,'wqer','wqerqwerqwer','qwerqwerqwer');
Insert into FEEDBACK (ID,THEME,MESSAGE,EMAIL) values (28,'test','test','test@test');
Insert into FEEDBACK (ID,THEME,MESSAGE,EMAIL) values (30,'Hi you are so good','I''m impressed of your comfort. Thank you very much. ','hf@hjk.ru');
Insert into FEEDBACK (ID,THEME,MESSAGE,EMAIL) values (11,'fgfjuhgfgvn','vnbgfgdrtyygjghnvbfvdsrtdhgnbgvfdcfghnbvcxdzfghbnvcxxsadesrfhgjmnb bvzsrthedyhbgv yjcguhmhgb',null);
Insert into FEEDBACK (ID,THEME,MESSAGE,EMAIL) values (5,'theme','message','email');
Insert into FEEDBACK (ID,THEME,MESSAGE,EMAIL) values (24,'12345','111222333444555','1234@123');
Insert into FEEDBACK (ID,THEME,MESSAGE,EMAIL) values (25,'000','123456789987654321234567898765432123456789098765432`','000@000');

Insert into ROOM_PRICE_TYPES (ID,NAME,DESCRIPTION) values (1,'LOW','low');
Insert into ROOM_PRICE_TYPES (ID,NAME,DESCRIPTION) values (2,'MIDDLE','middle');
Insert into ROOM_PRICE_TYPES (ID,NAME,DESCRIPTION) values (3,'HIGH','high');

Insert into ROOM_PRICES (ID,ROOM_ID,PRICE_TYPE_ID,START_DATE,END_DATE,PRICE) values (1,34,1,DATE('2016-12-16'),DATE('2016-12-16'),150);
Insert into ROOM_PRICES (ID,ROOM_ID,PRICE_TYPE_ID,START_DATE,END_DATE,PRICE) values (2,34,2,DATE('2016-12-16'),DATE('2016-12-09'),200);

Insert into STATS (ID,WORK_DAY,ADULTS_NUMBER,CHILDREN_NUMBER,OCCUPIED_ROOMS_ONE,OCCUPIED_ROOMS_TWO,OCCUPIED_ROOMS_THREE,OCCUPIED_ROOMS_FOUR,OCCUPIED_ROOMS_FIVE) values (90,DATE('2016-12-05'),2,0,0,0,0,0,0);
Insert into STATS (ID,WORK_DAY,ADULTS_NUMBER,CHILDREN_NUMBER,OCCUPIED_ROOMS_ONE,OCCUPIED_ROOMS_TWO,OCCUPIED_ROOMS_THREE,OCCUPIED_ROOMS_FOUR,OCCUPIED_ROOMS_FIVE) values (91,DATE('2016-12-07'),2,0,0,0,0,0,0);
Insert into STATS (ID,WORK_DAY,ADULTS_NUMBER,CHILDREN_NUMBER,OCCUPIED_ROOMS_ONE,OCCUPIED_ROOMS_TWO,OCCUPIED_ROOMS_THREE,OCCUPIED_ROOMS_FOUR,OCCUPIED_ROOMS_FIVE) values (92,DATE('2016-12-09'),2,0,0,0,0,0,0);
Insert into STATS (ID,WORK_DAY,ADULTS_NUMBER,CHILDREN_NUMBER,OCCUPIED_ROOMS_ONE,OCCUPIED_ROOMS_TWO,OCCUPIED_ROOMS_THREE,OCCUPIED_ROOMS_FOUR,OCCUPIED_ROOMS_FIVE) values (93,DATE('2016-11-24'),1,0,0,0,0,0,0);
Insert into STATS (ID,WORK_DAY,ADULTS_NUMBER,CHILDREN_NUMBER,OCCUPIED_ROOMS_ONE,OCCUPIED_ROOMS_TWO,OCCUPIED_ROOMS_THREE,OCCUPIED_ROOMS_FOUR,OCCUPIED_ROOMS_FIVE) values (94,DATE('2016-11-26'),1,0,0,0,0,0,0);
Insert into STATS (ID,WORK_DAY,ADULTS_NUMBER,CHILDREN_NUMBER,OCCUPIED_ROOMS_ONE,OCCUPIED_ROOMS_TWO,OCCUPIED_ROOMS_THREE,OCCUPIED_ROOMS_FOUR,OCCUPIED_ROOMS_FIVE) values (95,DATE('2016-11-28'),1,0,0,0,0,0,0);
Insert into STATS (ID,WORK_DAY,ADULTS_NUMBER,CHILDREN_NUMBER,OCCUPIED_ROOMS_ONE,OCCUPIED_ROOMS_TWO,OCCUPIED_ROOMS_THREE,OCCUPIED_ROOMS_FOUR,OCCUPIED_ROOMS_FIVE) values (96,DATE('2016-11-30'),1,0,0,0,0,0,0);
Insert into STATS (ID,WORK_DAY,ADULTS_NUMBER,CHILDREN_NUMBER,OCCUPIED_ROOMS_ONE,OCCUPIED_ROOMS_TWO,OCCUPIED_ROOMS_THREE,OCCUPIED_ROOMS_FOUR,OCCUPIED_ROOMS_FIVE) values (97,DATE('2016-12-02'),1,0,0,0,0,0,0);
Insert into STATS (ID,WORK_DAY,ADULTS_NUMBER,CHILDREN_NUMBER,OCCUPIED_ROOMS_ONE,OCCUPIED_ROOMS_TWO,OCCUPIED_ROOMS_THREE,OCCUPIED_ROOMS_FOUR,OCCUPIED_ROOMS_FIVE) values (98,DATE('2016-12-11'),1,0,0,0,0,0,0);
Insert into STATS (ID,WORK_DAY,ADULTS_NUMBER,CHILDREN_NUMBER,OCCUPIED_ROOMS_ONE,OCCUPIED_ROOMS_TWO,OCCUPIED_ROOMS_THREE,OCCUPIED_ROOMS_FOUR,OCCUPIED_ROOMS_FIVE) values (99,DATE('2016-11-11'),3,1,0,0,0,0,0);
Insert into STATS (ID,WORK_DAY,ADULTS_NUMBER,CHILDREN_NUMBER,OCCUPIED_ROOMS_ONE,OCCUPIED_ROOMS_TWO,OCCUPIED_ROOMS_THREE,OCCUPIED_ROOMS_FOUR,OCCUPIED_ROOMS_FIVE) values (100,DATE('2016-11-13'),3,1,0,0,0,0,0);
Insert into STATS (ID,WORK_DAY,ADULTS_NUMBER,CHILDREN_NUMBER,OCCUPIED_ROOMS_ONE,OCCUPIED_ROOMS_TWO,OCCUPIED_ROOMS_THREE,OCCUPIED_ROOMS_FOUR,OCCUPIED_ROOMS_FIVE) values (101,DATE('2016-11-15'),3,1,0,0,0,0,0);
Insert into STATS (ID,WORK_DAY,ADULTS_NUMBER,CHILDREN_NUMBER,OCCUPIED_ROOMS_ONE,OCCUPIED_ROOMS_TWO,OCCUPIED_ROOMS_THREE,OCCUPIED_ROOMS_FOUR,OCCUPIED_ROOMS_FIVE) values (102,DATE('2016-11-17'),3,1,0,0,0,0,0);
Insert into STATS (ID,WORK_DAY,ADULTS_NUMBER,CHILDREN_NUMBER,OCCUPIED_ROOMS_ONE,OCCUPIED_ROOMS_TWO,OCCUPIED_ROOMS_THREE,OCCUPIED_ROOMS_FOUR,OCCUPIED_ROOMS_FIVE) values (103,DATE('2016-11-19'),3,1,0,0,0,0,0);
Insert into STATS (ID,WORK_DAY,ADULTS_NUMBER,CHILDREN_NUMBER,OCCUPIED_ROOMS_ONE,OCCUPIED_ROOMS_TWO,OCCUPIED_ROOMS_THREE,OCCUPIED_ROOMS_FOUR,OCCUPIED_ROOMS_FIVE) values (104,DATE('2016-11-21'),3,1,0,0,0,0,0);
Insert into STATS (ID,WORK_DAY,ADULTS_NUMBER,CHILDREN_NUMBER,OCCUPIED_ROOMS_ONE,OCCUPIED_ROOMS_TWO,OCCUPIED_ROOMS_THREE,OCCUPIED_ROOMS_FOUR,OCCUPIED_ROOMS_FIVE) values (105,DATE('1970-01-03'),1,0,0,0,0,0,0);
Insert into STATS (ID,WORK_DAY,ADULTS_NUMBER,CHILDREN_NUMBER,OCCUPIED_ROOMS_ONE,OCCUPIED_ROOMS_TWO,OCCUPIED_ROOMS_THREE,OCCUPIED_ROOMS_FOUR,OCCUPIED_ROOMS_FIVE) values (106,DATE('1970-01-05'),1,0,0,0,0,0,0);
Insert into STATS (ID,WORK_DAY,ADULTS_NUMBER,CHILDREN_NUMBER,OCCUPIED_ROOMS_ONE,OCCUPIED_ROOMS_TWO,OCCUPIED_ROOMS_THREE,OCCUPIED_ROOMS_FOUR,OCCUPIED_ROOMS_FIVE) values (107,DATE('2016-12-21'),1,0,0,0,0,0,0);
Insert into STATS (ID,WORK_DAY,ADULTS_NUMBER,CHILDREN_NUMBER,OCCUPIED_ROOMS_ONE,OCCUPIED_ROOMS_TWO,OCCUPIED_ROOMS_THREE,OCCUPIED_ROOMS_FOUR,OCCUPIED_ROOMS_FIVE) values (108,DATE('2016-12-23'),1,0,0,0,0,0,0);
Insert into STATS (ID,WORK_DAY,ADULTS_NUMBER,CHILDREN_NUMBER,OCCUPIED_ROOMS_ONE,OCCUPIED_ROOMS_TWO,OCCUPIED_ROOMS_THREE,OCCUPIED_ROOMS_FOUR,OCCUPIED_ROOMS_FIVE) values (109,DATE('2016-12-25'),1,0,0,0,0,0,0);
Insert into STATS (ID,WORK_DAY,ADULTS_NUMBER,CHILDREN_NUMBER,OCCUPIED_ROOMS_ONE,OCCUPIED_ROOMS_TWO,OCCUPIED_ROOMS_THREE,OCCUPIED_ROOMS_FOUR,OCCUPIED_ROOMS_FIVE) values (110,DATE('2016-12-27'),1,0,0,0,0,0,0);
Insert into STATS (ID,WORK_DAY,ADULTS_NUMBER,CHILDREN_NUMBER,OCCUPIED_ROOMS_ONE,OCCUPIED_ROOMS_TWO,OCCUPIED_ROOMS_THREE,OCCUPIED_ROOMS_FOUR,OCCUPIED_ROOMS_FIVE) values (111,DATE('2016-12-29'),1,0,0,0,0,0,0);
Insert into STATS (ID,WORK_DAY,ADULTS_NUMBER,CHILDREN_NUMBER,OCCUPIED_ROOMS_ONE,OCCUPIED_ROOMS_TWO,OCCUPIED_ROOMS_THREE,OCCUPIED_ROOMS_FOUR,OCCUPIED_ROOMS_FIVE) values (112,DATE('2016-12-31'),1,0,0,0,0,0,0);
Insert into STATS (ID,WORK_DAY,ADULTS_NUMBER,CHILDREN_NUMBER,OCCUPIED_ROOMS_ONE,OCCUPIED_ROOMS_TWO,OCCUPIED_ROOMS_THREE,OCCUPIED_ROOMS_FOUR,OCCUPIED_ROOMS_FIVE) values (113,DATE('2016-12-13'),1,0,0,0,0,0,0);
Insert into STATS (ID,WORK_DAY,ADULTS_NUMBER,CHILDREN_NUMBER,OCCUPIED_ROOMS_ONE,OCCUPIED_ROOMS_TWO,OCCUPIED_ROOMS_THREE,OCCUPIED_ROOMS_FOUR,OCCUPIED_ROOMS_FIVE) values (114,DATE('2016-12-15'),1,0,0,0,0,0,0);
Insert into STATS (ID,WORK_DAY,ADULTS_NUMBER,CHILDREN_NUMBER,OCCUPIED_ROOMS_ONE,OCCUPIED_ROOMS_TWO,OCCUPIED_ROOMS_THREE,OCCUPIED_ROOMS_FOUR,OCCUPIED_ROOMS_FIVE) values (115,DATE('2016-12-17'),1,0,0,0,0,0,0);
Insert into STATS (ID,WORK_DAY,ADULTS_NUMBER,CHILDREN_NUMBER,OCCUPIED_ROOMS_ONE,OCCUPIED_ROOMS_TWO,OCCUPIED_ROOMS_THREE,OCCUPIED_ROOMS_FOUR,OCCUPIED_ROOMS_FIVE) values (116,DATE('2016-12-19'),1,0,0,0,0,0,0);

Insert into EMAIL (ID,EMAIL_ADDRESS) values (1,'wergwergwergwer');
Insert into EMAIL (ID,EMAIL_ADDRESS) values (2,'123412341234@213412341234');
Insert into EMAIL (ID,EMAIL_ADDRESS) values (3,'23423423@qwrqweqwe');
Insert into EMAIL (ID,EMAIL_ADDRESS) values (4,'4769897654@12312');
Insert into EMAIL (ID,EMAIL_ADDRESS) values (5,null);
Insert into EMAIL (ID,EMAIL_ADDRESS) values (6,'4234324@fewwd123');
Insert into EMAIL (ID,EMAIL_ADDRESS) values (7,'vsv@dfvsd.org');
Insert into EMAIL (ID,EMAIL_ADDRESS) values (8,'123@123.com');
Insert into EMAIL (ID,EMAIL_ADDRESS) values (9,'wefvsbdfsd@zsdfsdfbg');

Insert into ROLES (ROLE_ID,CODE,DESCRIPTION) values (1,'ADMIN','Администратор');
Insert into ROLES (ROLE_ID,CODE,DESCRIPTION) values (2,'USER','Пользователь');

Insert into USERS (USER_ID,USER_NAME,PASSWORD,IS_LOCKED,CREATED) values (1,'admin','PZb2t5Mkbk6/RYPJO1wW5sTbogKcls8mm+LyrJOcKJENrAmE49hzmKnJr5+EdaIntNLig+eJvUShDLqZ7B1ZPA==',0,DATE('2016-11-07'));

Insert into LOG_TYPES (LOG_TYPE_ID,NAME) values (1,'USER CREATE');
Insert into LOG_TYPES (LOG_TYPE_ID,NAME) values (2,'LOGIN');
Insert into LOG_TYPES (LOG_TYPE_ID,NAME) values (3,'LOGOUT');