--------------------------------------------------------
--  File created - Thursday-March-16-2017
--------------------------------------------------------
--------------------------------------------------------
--  DDL for Table ROOMS
--------------------------------------------------------


  CREATE TABLE "ADMIN"."ROOMS"
   (	"ID" NUMBER(10,0) NOT NULL ENABLE,
	"SHORT_DESCRIPTION" VARCHAR2(256 BYTE) NOT NULL ENABLE,
	"FULL_DESCRIPTION" VARCHAR2(1024 BYTE) NOT NULL ENABLE,
	"PERSONS" NUMBER(10,0) NOT NULL ENABLE,
	"NUMBER_OF_ROOMS" NUMBER(10,0) NOT NULL ENABLE,
	"PRICE" NUMBER(10,4) NOT NULL ENABLE,
	"IS_BOOKED" NUMBER(1,0) DEFAULT 0 NOT NULL ENABLE,
	"IS_SHOWN" NUMBER(1,0) DEFAULT 1 NOT NULL ENABLE,
	"HAS_BREAKFAST" NUMBER(1,0) DEFAULT 1 NOT NULL ENABLE,
	"URL_PHOTO1" VARCHAR2(256 BYTE) NOT NULL ENABLE,
	"URL_PHOTO2" VARCHAR2(256 BYTE),
	"URL_PHOTO3" VARCHAR2(256 BYTE),
	"RATING_POSITION" NUMBER(10,0) DEFAULT 4 NOT NULL ENABLE,
	"RATING_COMFORT" NUMBER(10,0) DEFAULT 4 NOT NULL ENABLE,
	"RATING_PRICE" NUMBER(10,0) DEFAULT 4 NOT NULL ENABLE,
	"RATING_QUALITY" NUMBER(10,0) DEFAULT 4 NOT NULL ENABLE,
	"RATING_AVG" NUMBER(10,0) DEFAULT 4 NOT NULL ENABLE,
	"NAME" VARCHAR2(20 BYTE) DEFAULT '' NOT NULL ENABLE,
	 CONSTRAINT "ID_ROOM" PRIMARY KEY ("ID")
  USING INDEX PCTFREE 10 INITRANS 2 MAXTRANS 255 COMPUTE STATISTICS
  STORAGE(INITIAL 65536 NEXT 1048576 MINEXTENTS 1 MAXEXTENTS 2147483645
  PCTINCREASE 0 FREELISTS 1 FREELIST GROUPS 1 BUFFER_POOL DEFAULT FLASH_CACHE DEFAULT CELL_FLASH_CACHE DEFAULT)
  TABLESPACE "SYSTEM"  ENABLE
   ) SEGMENT CREATION IMMEDIATE
  PCTFREE 10 PCTUSED 40 INITRANS 1 MAXTRANS 255 NOCOMPRESS LOGGING
  STORAGE(INITIAL 65536 NEXT 1048576 MINEXTENTS 1 MAXEXTENTS 2147483645
  PCTINCREASE 0 FREELISTS 1 FREELIST GROUPS 1 BUFFER_POOL DEFAULT FLASH_CACHE DEFAULT CELL_FLASH_CACHE DEFAULT)
  TABLESPACE "SYSTEM" ;

Insert into ADMIN.ROOMS (ID,SHORT_DESCRIPTION,FULL_DESCRIPTION,PERSONS,NUMBER_OF_ROOMS,PRICE,IS_BOOKED,IS_SHOWN,HAS_BREAKFAST,URL_PHOTO1,URL_PHOTO2,URL_PHOTO3,RATING_POSITION,RATING_COMFORT,RATING_PRICE,RATING_QUALITY,RATING_AVG,NAME) values (20,'Room 5','Room 5 with fasilities',3,2,346,0,1,1,'img/room_list_1.jpg','urlPhoto2','urlPhoto3',4,4,4,4,4,'This room');
Insert into ADMIN.ROOMS (ID,SHORT_DESCRIPTION,FULL_DESCRIPTION,PERSONS,NUMBER_OF_ROOMS,PRICE,IS_BOOKED,IS_SHOWN,HAS_BREAKFAST,URL_PHOTO1,URL_PHOTO2,URL_PHOTO3,RATING_POSITION,RATING_COMFORT,RATING_PRICE,RATING_QUALITY,RATING_AVG,NAME) values (35,'short1','full1',2,2,2,0,1,1,'Some url for photo 1',null,null,2,2,2,2,0,'Some name');
Insert into ADMIN.ROOMS (ID,SHORT_DESCRIPTION,FULL_DESCRIPTION,PERSONS,NUMBER_OF_ROOMS,PRICE,IS_BOOKED,IS_SHOWN,HAS_BREAKFAST,URL_PHOTO1,URL_PHOTO2,URL_PHOTO3,RATING_POSITION,RATING_COMFORT,RATING_PRICE,RATING_QUALITY,RATING_AVG,NAME) values (40,'s3','f4cascascascacCdc',4,3,3,0,1,1,'Some url for photo 1',null,null,3,3,3,3,3,'Some name');
Insert into ADMIN.ROOMS (ID,SHORT_DESCRIPTION,FULL_DESCRIPTION,PERSONS,NUMBER_OF_ROOMS,PRICE,IS_BOOKED,IS_SHOWN,HAS_BREAKFAST,URL_PHOTO1,URL_PHOTO2,URL_PHOTO3,RATING_POSITION,RATING_COMFORT,RATING_PRICE,RATING_QUALITY,RATING_AVG,NAME) values (38,'s1','f1',2,2,2,0,0,1,'Some url for photo 1',null,null,5,2,5,2,4,'Some name');
Insert into ADMIN.ROOMS (ID,SHORT_DESCRIPTION,FULL_DESCRIPTION,PERSONS,NUMBER_OF_ROOMS,PRICE,IS_BOOKED,IS_SHOWN,HAS_BREAKFAST,URL_PHOTO1,URL_PHOTO2,URL_PHOTO3,RATING_POSITION,RATING_COMFORT,RATING_PRICE,RATING_QUALITY,RATING_AVG,NAME) values (41,'3','5',4,4,4,0,0,0,'Some url for photo 1',null,null,4,4,4,4,0,'Some name');
Insert into ADMIN.ROOMS (ID,SHORT_DESCRIPTION,FULL_DESCRIPTION,PERSONS,NUMBER_OF_ROOMS,PRICE,IS_BOOKED,IS_SHOWN,HAS_BREAKFAST,URL_PHOTO1,URL_PHOTO2,URL_PHOTO3,RATING_POSITION,RATING_COMFORT,RATING_PRICE,RATING_QUALITY,RATING_AVG,NAME) values (1,'Good room on the first floor with video','Good room on the first floor with video. All people are happy to live there',2,1,105,0,1,0,'URL1','URL2','URL3',4,4,4,4,4,'Double Room');
Insert into ADMIN.ROOMS (ID,SHORT_DESCRIPTION,FULL_DESCRIPTION,PERSONS,NUMBER_OF_ROOMS,PRICE,IS_BOOKED,IS_SHOWN,HAS_BREAKFAST,URL_PHOTO1,URL_PHOTO2,URL_PHOTO3,RATING_POSITION,RATING_COMFORT,RATING_PRICE,RATING_QUALITY,RATING_AVG,NAME) values (2,'Room with hollidays atmosphere','Room with hollidays atmosphere. Funny to live there',5,2,319,0,0,0,'URL4','URL5','URL6',5,4,3,4,4,'Hidden Room');
Insert into ADMIN.ROOMS (ID,SHORT_DESCRIPTION,FULL_DESCRIPTION,PERSONS,NUMBER_OF_ROOMS,PRICE,IS_BOOKED,IS_SHOWN,HAS_BREAKFAST,URL_PHOTO1,URL_PHOTO2,URL_PHOTO3,RATING_POSITION,RATING_COMFORT,RATING_PRICE,RATING_QUALITY,RATING_AVG,NAME) values (3,'поменял описание','йо-хо-хо',1,2,690,1,1,1,'URL7','URL8','URL9',4,4,4,4,4,'Single Room');
Insert into ADMIN.ROOMS (ID,SHORT_DESCRIPTION,FULL_DESCRIPTION,PERSONS,NUMBER_OF_ROOMS,PRICE,IS_BOOKED,IS_SHOWN,HAS_BREAKFAST,URL_PHOTO1,URL_PHOTO2,URL_PHOTO3,RATING_POSITION,RATING_COMFORT,RATING_PRICE,RATING_QUALITY,RATING_AVG,NAME) values (4,'Best room for business people','Best room for business people. All things are for you here',1,2,690,0,1,1,'URL10','URL11','URL12',4,4,4,4,5,'Single Room');
Insert into ADMIN.ROOMS (ID,SHORT_DESCRIPTION,FULL_DESCRIPTION,PERSONS,NUMBER_OF_ROOMS,PRICE,IS_BOOKED,IS_SHOWN,HAS_BREAKFAST,URL_PHOTO1,URL_PHOTO2,URL_PHOTO3,RATING_POSITION,RATING_COMFORT,RATING_PRICE,RATING_QUALITY,RATING_AVG,NAME) values (5,'11112112Best room for business people','Best room for business people. All things are for you here',1,2,690,0,1,1,'URL13','URL14','URL15',4,4,4,4,4,'Single Room');
Insert into ADMIN.ROOMS (ID,SHORT_DESCRIPTION,FULL_DESCRIPTION,PERSONS,NUMBER_OF_ROOMS,PRICE,IS_BOOKED,IS_SHOWN,HAS_BREAKFAST,URL_PHOTO1,URL_PHOTO2,URL_PHOTO3,RATING_POSITION,RATING_COMFORT,RATING_PRICE,RATING_QUALITY,RATING_AVG,NAME) values (6,'я поменял описание ррррррррррр','и это описание тоже ррррррррррр',1,2,690,0,1,1,'URL16','URL17','URL18',4,4,4,4,4,'Single Room');
Insert into ADMIN.ROOMS (ID,SHORT_DESCRIPTION,FULL_DESCRIPTION,PERSONS,NUMBER_OF_ROOMS,PRICE,IS_BOOKED,IS_SHOWN,HAS_BREAKFAST,URL_PHOTO1,URL_PHOTO2,URL_PHOTO3,RATING_POSITION,RATING_COMFORT,RATING_PRICE,RATING_QUALITY,RATING_AVG,NAME) values (7,'Best room for business people','Best room for business people. All things are for you here',1,2,690,0,1,1,'URL19','URL20','URL21',4,4,4,4,4,'Single Room');
Insert into ADMIN.ROOMS (ID,SHORT_DESCRIPTION,FULL_DESCRIPTION,PERSONS,NUMBER_OF_ROOMS,PRICE,IS_BOOKED,IS_SHOWN,HAS_BREAKFAST,URL_PHOTO1,URL_PHOTO2,URL_PHOTO3,RATING_POSITION,RATING_COMFORT,RATING_PRICE,RATING_QUALITY,RATING_AVG,NAME) values (8,'Best room for business people','Best room for business people. All things are for you here',1,2,690,0,1,1,'URL22','URL23','URL24',4,4,4,4,4,'Single Room');
Insert into ADMIN.ROOMS (ID,SHORT_DESCRIPTION,FULL_DESCRIPTION,PERSONS,NUMBER_OF_ROOMS,PRICE,IS_BOOKED,IS_SHOWN,HAS_BREAKFAST,URL_PHOTO1,URL_PHOTO2,URL_PHOTO3,RATING_POSITION,RATING_COMFORT,RATING_PRICE,RATING_QUALITY,RATING_AVG,NAME) values (9,'Best room for business people','Best room for business people. All things are for you here',1,2,690,0,1,1,'URL25','URL26','URL27',4,4,4,4,4,'Single Room');
Insert into ADMIN.ROOMS (ID,SHORT_DESCRIPTION,FULL_DESCRIPTION,PERSONS,NUMBER_OF_ROOMS,PRICE,IS_BOOKED,IS_SHOWN,HAS_BREAKFAST,URL_PHOTO1,URL_PHOTO2,URL_PHOTO3,RATING_POSITION,RATING_COMFORT,RATING_PRICE,RATING_QUALITY,RATING_AVG,NAME) values (10,'Best room for business people','Best room for business people. All things are for you here',1,2,690,0,1,1,'URL28','URL29','URL30',4,4,4,4,5,'Single Room');
Insert into ADMIN.ROOMS (ID,SHORT_DESCRIPTION,FULL_DESCRIPTION,PERSONS,NUMBER_OF_ROOMS,PRICE,IS_BOOKED,IS_SHOWN,HAS_BREAKFAST,URL_PHOTO1,URL_PHOTO2,URL_PHOTO3,RATING_POSITION,RATING_COMFORT,RATING_PRICE,RATING_QUALITY,RATING_AVG,NAME) values (11,'Best room for business people','Best room for business people. All things are for you here',1,2,690,0,1,1,'URL31','URL32','URL33',4,4,4,4,5,'Single Room');
Insert into ADMIN.ROOMS (ID,SHORT_DESCRIPTION,FULL_DESCRIPTION,PERSONS,NUMBER_OF_ROOMS,PRICE,IS_BOOKED,IS_SHOWN,HAS_BREAKFAST,URL_PHOTO1,URL_PHOTO2,URL_PHOTO3,RATING_POSITION,RATING_COMFORT,RATING_PRICE,RATING_QUALITY,RATING_AVG,NAME) values (12,'Best room for business people','Best room for business people. All things are for you here',1,2,690,0,1,1,'URL34','URL35','URL36',4,4,4,4,5,'Single Room');
Insert into ADMIN.ROOMS (ID,SHORT_DESCRIPTION,FULL_DESCRIPTION,PERSONS,NUMBER_OF_ROOMS,PRICE,IS_BOOKED,IS_SHOWN,HAS_BREAKFAST,URL_PHOTO1,URL_PHOTO2,URL_PHOTO3,RATING_POSITION,RATING_COMFORT,RATING_PRICE,RATING_QUALITY,RATING_AVG,NAME) values (13,'vSDVdvgWDGwdgv','FdgDGWDGWEG',3,2,346,0,1,1,'urlPhoto3','urlPhoto2','urlPhoto3',3,3,2,4,3,'Single Room');
Insert into ADMIN.ROOMS (ID,SHORT_DESCRIPTION,FULL_DESCRIPTION,PERSONS,NUMBER_OF_ROOMS,PRICE,IS_BOOKED,IS_SHOWN,HAS_BREAKFAST,URL_PHOTO1,URL_PHOTO2,URL_PHOTO3,RATING_POSITION,RATING_COMFORT,RATING_PRICE,RATING_QUALITY,RATING_AVG,NAME) values (32,'Room 5','Room 5 with fasilities',3,2,346,0,1,1,'urlPhoto1','urlPhoto2','urlPhoto3',4,4,4,4,4,'Some name');
Insert into ADMIN.ROOMS (ID,SHORT_DESCRIPTION,FULL_DESCRIPTION,PERSONS,NUMBER_OF_ROOMS,PRICE,IS_BOOKED,IS_SHOWN,HAS_BREAKFAST,URL_PHOTO1,URL_PHOTO2,URL_PHOTO3,RATING_POSITION,RATING_COMFORT,RATING_PRICE,RATING_QUALITY,RATING_AVG,NAME) values (33,'Edit room 101','Room 75 with fasilities',3,2,346,0,1,1,'urlPhoto1','urlPhoto2','urlPhoto3',4,4,4,4,4,'Some ef name');
Insert into ADMIN.ROOMS (ID,SHORT_DESCRIPTION,FULL_DESCRIPTION,PERSONS,NUMBER_OF_ROOMS,PRICE,IS_BOOKED,IS_SHOWN,HAS_BREAKFAST,URL_PHOTO1,URL_PHOTO2,URL_PHOTO3,RATING_POSITION,RATING_COMFORT,RATING_PRICE,RATING_QUALITY,RATING_AVG,NAME) values (34,'short','full',4,3,323,0,1,0,'Some url for photo 1',null,null,4,3,4,3,4,'Some name');
Insert into ADMIN.ROOMS (ID,SHORT_DESCRIPTION,FULL_DESCRIPTION,PERSONS,NUMBER_OF_ROOMS,PRICE,IS_BOOKED,IS_SHOWN,HAS_BREAKFAST,URL_PHOTO1,URL_PHOTO2,URL_PHOTO3,RATING_POSITION,RATING_COMFORT,RATING_PRICE,RATING_QUALITY,RATING_AVG,NAME) values (42,'Grey room','Big, very big hall.',3,4,12,0,0,0,'Some url for photo 1',null,null,1,2,3,4,3,'Some name');

  ===

  --------------------------------------------------------
--  File created - Thursday-March-16-2017
--------------------------------------------------------
--------------------------------------------------------
--  DDL for Table FACILITIES
--------------------------------------------------------


  CREATE TABLE "ADMIN"."FACILITIES"
   (	"ID" NUMBER(10,0) NOT NULL ENABLE,
	"NAME" VARCHAR2(64 BYTE) NOT NULL ENABLE,
	"DESCRIPTION" VARCHAR2(256 BYTE),
	 CONSTRAINT "ID_FACILITY" PRIMARY KEY ("ID")
  USING INDEX PCTFREE 10 INITRANS 2 MAXTRANS 255 COMPUTE STATISTICS
  STORAGE(INITIAL 65536 NEXT 1048576 MINEXTENTS 1 MAXEXTENTS 2147483645
  PCTINCREASE 0 FREELISTS 1 FREELIST GROUPS 1 BUFFER_POOL DEFAULT FLASH_CACHE DEFAULT CELL_FLASH_CACHE DEFAULT)
  TABLESPACE "SYSTEM"  ENABLE
   ) SEGMENT CREATION IMMEDIATE
  PCTFREE 10 PCTUSED 40 INITRANS 1 MAXTRANS 255 NOCOMPRESS LOGGING
  STORAGE(INITIAL 65536 NEXT 1048576 MINEXTENTS 1 MAXEXTENTS 2147483645
  PCTINCREASE 0 FREELISTS 1 FREELIST GROUPS 1 BUFFER_POOL DEFAULT FLASH_CACHE DEFAULT CELL_FLASH_CACHE DEFAULT)
  TABLESPACE "SYSTEM" ;

Insert into ADMIN.FACILITIES (ID,NAME,DESCRIPTION) values (3,'DVD_player','DVD player');
Insert into ADMIN.FACILITIES (ID,NAME,DESCRIPTION) values (4,'Wifi','Wifi');
Insert into ADMIN.FACILITIES (ID,NAME,DESCRIPTION) values (1,'Coffee_machine','Coffee machine');
Insert into ADMIN.FACILITIES (ID,NAME,DESCRIPTION) values (2,'CARDKEY','Fridge');
Insert into ADMIN.FACILITIES (ID,NAME,DESCRIPTION) values (5,'Hairdryer','Hairdryer');
Insert into ADMIN.FACILITIES (ID,NAME,DESCRIPTION) values (6,'Air-conditioning','Air-conditioning');
Insert into ADMIN.FACILITIES (ID,NAME,DESCRIPTION) values (7,'safebox','safebox');
Insert into ADMIN.FACILITIES (ID,NAME,DESCRIPTION) values (8,'Towels','Towels');
Insert into ADMIN.FACILITIES (ID,NAME,DESCRIPTION) values (9,'TV','TV');
Insert into ADMIN.FACILITIES (ID,NAME,DESCRIPTION) values (10,'Oven','Oven');
Insert into ADMIN.FACILITIES (ID,NAME,DESCRIPTION) values (11,'WC','WC');
Insert into ADMIN.FACILITIES (ID,NAME,DESCRIPTION) values (12,'badkingsize','king size bad');

  ====

  --------------------------------------------------------
--  File created - Thursday-March-16-2017
--------------------------------------------------------
--------------------------------------------------------
--  DDL for Table ROOM_FACILITIES
--------------------------------------------------------

  CREATE TABLE "ADMIN"."ROOM_FACILITIES"
   (	"ROOM_ID" NUMBER(10,0) NOT NULL ENABLE,
	"FACILITY_ID" NUMBER(10,0) NOT NULL ENABLE,
	 CONSTRAINT "OOM_FACILITY_FK_2" FOREIGN KEY ("FACILITY_ID")
	  REFERENCES "ADMIN"."FACILITIES" ("ID") ENABLE,
	 CONSTRAINT "OOM_FACILITY_FK_1" FOREIGN KEY ("ROOM_ID")
	  REFERENCES "ADMIN"."ROOMS" ("ID") ENABLE
   ) SEGMENT CREATION IMMEDIATE
  PCTFREE 10 PCTUSED 40 INITRANS 1 MAXTRANS 255 NOCOMPRESS LOGGING
  STORAGE(INITIAL 65536 NEXT 1048576 MINEXTENTS 1 MAXEXTENTS 2147483645
  PCTINCREASE 0 FREELISTS 1 FREELIST GROUPS 1 BUFFER_POOL DEFAULT FLASH_CACHE DEFAULT CELL_FLASH_CACHE DEFAULT)
  TABLESPACE "SYSTEM" ;

Insert into ADMIN.ROOM_FACILITIES (ROOM_ID,FACILITY_ID) values (6,6);
Insert into ADMIN.ROOM_FACILITIES (ROOM_ID,FACILITY_ID) values (6,2);
Insert into ADMIN.ROOM_FACILITIES (ROOM_ID,FACILITY_ID) values (6,3);
Insert into ADMIN.ROOM_FACILITIES (ROOM_ID,FACILITY_ID) values (6,12);
Insert into ADMIN.ROOM_FACILITIES (ROOM_ID,FACILITY_ID) values (6,11);
Insert into ADMIN.ROOM_FACILITIES (ROOM_ID,FACILITY_ID) values (3,4);
Insert into ADMIN.ROOM_FACILITIES (ROOM_ID,FACILITY_ID) values (3,2);
Insert into ADMIN.ROOM_FACILITIES (ROOM_ID,FACILITY_ID) values (3,9);
Insert into ADMIN.ROOM_FACILITIES (ROOM_ID,FACILITY_ID) values (3,10);
Insert into ADMIN.ROOM_FACILITIES (ROOM_ID,FACILITY_ID) values (3,5);
Insert into ADMIN.ROOM_FACILITIES (ROOM_ID,FACILITY_ID) values (7,1);
Insert into ADMIN.ROOM_FACILITIES (ROOM_ID,FACILITY_ID) values (13,10);
Insert into ADMIN.ROOM_FACILITIES (ROOM_ID,FACILITY_ID) values (34,4);
Insert into ADMIN.ROOM_FACILITIES (ROOM_ID,FACILITY_ID) values (33,7);
Insert into ADMIN.ROOM_FACILITIES (ROOM_ID,FACILITY_ID) values (33,5);
Insert into ADMIN.ROOM_FACILITIES (ROOM_ID,FACILITY_ID) values (34,6);
Insert into ADMIN.ROOM_FACILITIES (ROOM_ID,FACILITY_ID) values (34,8);
Insert into ADMIN.ROOM_FACILITIES (ROOM_ID,FACILITY_ID) values (34,2);
Insert into ADMIN.ROOM_FACILITIES (ROOM_ID,FACILITY_ID) values (34,3);
Insert into ADMIN.ROOM_FACILITIES (ROOM_ID,FACILITY_ID) values (34,12);
Insert into ADMIN.ROOM_FACILITIES (ROOM_ID,FACILITY_ID) values (34,1);
Insert into ADMIN.ROOM_FACILITIES (ROOM_ID,FACILITY_ID) values (34,9);
Insert into ADMIN.ROOM_FACILITIES (ROOM_ID,FACILITY_ID) values (34,7);
Insert into ADMIN.ROOM_FACILITIES (ROOM_ID,FACILITY_ID) values (34,11);
Insert into ADMIN.ROOM_FACILITIES (ROOM_ID,FACILITY_ID) values (34,10);
Insert into ADMIN.ROOM_FACILITIES (ROOM_ID,FACILITY_ID) values (34,5);
Insert into ADMIN.ROOM_FACILITIES (ROOM_ID,FACILITY_ID) values (33,8);
Insert into ADMIN.ROOM_FACILITIES (ROOM_ID,FACILITY_ID) values (42,7);
Insert into ADMIN.ROOM_FACILITIES (ROOM_ID,FACILITY_ID) values (42,1);

  =======

  --------------------------------------------------------
--  File created - Thursday-March-16-2017
--------------------------------------------------------
--------------------------------------------------------
--  DDL for Table ORDERS_STATUS
--------------------------------------------------------


  CREATE TABLE "ADMIN"."ORDERS_STATUS"
   (	"ID" NUMBER(10,0) NOT NULL ENABLE,
	"NAME" VARCHAR2(64 BYTE) NOT NULL ENABLE,
	"DESCRIPTION" VARCHAR2(256 BYTE) NOT NULL ENABLE,
	 PRIMARY KEY ("ID")
  USING INDEX PCTFREE 10 INITRANS 2 MAXTRANS 255 COMPUTE STATISTICS
  STORAGE(INITIAL 65536 NEXT 1048576 MINEXTENTS 1 MAXEXTENTS 2147483645
  PCTINCREASE 0 FREELISTS 1 FREELIST GROUPS 1 BUFFER_POOL DEFAULT FLASH_CACHE DEFAULT CELL_FLASH_CACHE DEFAULT)
  TABLESPACE "SYSTEM"  ENABLE
   ) SEGMENT CREATION IMMEDIATE
  PCTFREE 10 PCTUSED 40 INITRANS 1 MAXTRANS 255 NOCOMPRESS LOGGING
  STORAGE(INITIAL 65536 NEXT 1048576 MINEXTENTS 1 MAXEXTENTS 2147483645
  PCTINCREASE 0 FREELISTS 1 FREELIST GROUPS 1 BUFFER_POOL DEFAULT FLASH_CACHE DEFAULT CELL_FLASH_CACHE DEFAULT)
  TABLESPACE "SYSTEM" ;

Insert into ADMIN.ORDERS_STATUS (ID,NAME,DESCRIPTION) values (2,'ORDERED','For current orders');
Insert into ADMIN.ORDERS_STATUS (ID,NAME,DESCRIPTION) values (3,'HOLD','For hold orders');
Insert into ADMIN.ORDERS_STATUS (ID,NAME,DESCRIPTION) values (4,'CLOSED','For closed orders');

  ==========

  --------------------------------------------------------
--  File created - Thursday-March-16-2017
--------------------------------------------------------
--------------------------------------------------------
--  DDL for Table ORDERS
--------------------------------------------------------

  CREATE TABLE "ADMIN"."ORDERS"
   (	"ID" NUMBER(10,0) NOT NULL ENABLE,
	"DATE_CHECK_IN" DATE NOT NULL ENABLE,
	"DATE_CHECK_OUT" DATE NOT NULL ENABLE,
	"GREETING_NAME" VARCHAR2(256 BYTE) NOT NULL ENABLE,
	"MAIL" VARCHAR2(256 BYTE) NOT NULL ENABLE,
	"PHONE" VARCHAR2(32 BYTE) NOT NULL ENABLE,
	"COUNT_ADULTS" NUMBER(2,0) NOT NULL ENABLE,
	"COUNT_CHILDREN" NUMBER(2,0) NOT NULL ENABLE,
	"ORDER_STATUS_ID" NUMBER(10,0) NOT NULL ENABLE,
	"ROOM_ID" NUMBER(10,0) NOT NULL ENABLE,
	 PRIMARY KEY ("ID")
  USING INDEX PCTFREE 10 INITRANS 2 MAXTRANS 255 COMPUTE STATISTICS
  STORAGE(INITIAL 65536 NEXT 1048576 MINEXTENTS 1 MAXEXTENTS 2147483645
  PCTINCREASE 0 FREELISTS 1 FREELIST GROUPS 1 BUFFER_POOL DEFAULT FLASH_CACHE DEFAULT CELL_FLASH_CACHE DEFAULT)
  TABLESPACE "SYSTEM"  ENABLE,
	 CONSTRAINT "ORDER_FK_1" FOREIGN KEY ("ROOM_ID")
	  REFERENCES "ADMIN"."ROOMS" ("ID") ENABLE,
	 CONSTRAINT "ORDER_FK_2" FOREIGN KEY ("ORDER_STATUS_ID")
	  REFERENCES "ADMIN"."ORDERS_STATUS" ("ID") ENABLE
   ) SEGMENT CREATION IMMEDIATE
  PCTFREE 10 PCTUSED 40 INITRANS 1 MAXTRANS 255 NOCOMPRESS LOGGING
  STORAGE(INITIAL 65536 NEXT 1048576 MINEXTENTS 1 MAXEXTENTS 2147483645
  PCTINCREASE 0 FREELISTS 1 FREELIST GROUPS 1 BUFFER_POOL DEFAULT FLASH_CACHE DEFAULT CELL_FLASH_CACHE DEFAULT)
  TABLESPACE "SYSTEM" ;

Insert into ADMIN.ORDERS (ID,DATE_CHECK_IN,DATE_CHECK_OUT,GREETING_NAME,MAIL,PHONE,COUNT_ADULTS,COUNT_CHILDREN,ORDER_STATUS_ID,ROOM_ID) values (27,to_date('05-DEC-16','DD-MON-RR'),to_date('10-DEC-16','DD-MON-RR'),'test1','cenobi@mail.com','+1277401',2,0,2,10);
Insert into ADMIN.ORDERS (ID,DATE_CHECK_IN,DATE_CHECK_OUT,GREETING_NAME,MAIL,PHONE,COUNT_ADULTS,COUNT_CHILDREN,ORDER_STATUS_ID,ROOM_ID) values (1,to_date('08-DEC-16','DD-MON-RR'),to_date('09-DEC-16','DD-MON-RR'),'Ted Merphi','merphi@mail.com','+4238173401',3,1,4,12);
Insert into ADMIN.ORDERS (ID,DATE_CHECK_IN,DATE_CHECK_OUT,GREETING_NAME,MAIL,PHONE,COUNT_ADULTS,COUNT_CHILDREN,ORDER_STATUS_ID,ROOM_ID) values (55,to_date('24-NOV-16','DD-MON-RR'),to_date('12-DEC-16','DD-MON-RR'),'Obivan Cenobi','cenobi@mail.com','+124577401',1,0,4,2);
Insert into ADMIN.ORDERS (ID,DATE_CHECK_IN,DATE_CHECK_OUT,GREETING_NAME,MAIL,PHONE,COUNT_ADULTS,COUNT_CHILDREN,ORDER_STATUS_ID,ROOM_ID) values (56,to_date('21-DEC-16','DD-MON-RR'),to_date('31-DEC-16','DD-MON-RR'),'Tom Pitkin','pitkin@mail.com','+1274501',1,0,2,3);
Insert into ADMIN.ORDERS (ID,DATE_CHECK_IN,DATE_CHECK_OUT,GREETING_NAME,MAIL,PHONE,COUNT_ADULTS,COUNT_CHILDREN,ORDER_STATUS_ID,ROOM_ID) values (57,to_date('17-DEC-16','DD-MON-RR'),to_date('21-DEC-16','DD-MON-RR'),'Ron Martin','martin@mail.com','+1241',1,0,4,3);
Insert into ADMIN.ORDERS (ID,DATE_CHECK_IN,DATE_CHECK_OUT,GREETING_NAME,MAIL,PHONE,COUNT_ADULTS,COUNT_CHILDREN,ORDER_STATUS_ID,ROOM_ID) values (53,to_date('13-DEC-16','DD-MON-RR'),to_date('16-DEC-16','DD-MON-RR'),'Mark Okon','mark@mail.com','+6238177401',1,0,4,2);
Insert into ADMIN.ORDERS (ID,DATE_CHECK_IN,DATE_CHECK_OUT,GREETING_NAME,MAIL,PHONE,COUNT_ADULTS,COUNT_CHILDREN,ORDER_STATUS_ID,ROOM_ID) values (58,to_date('02-DEC-16','DD-MON-RR'),to_date('21-DEC-16','DD-MON-RR'),'Ted Merphi1','merphi@mail.com','+4238173401',3,1,4,1);
Insert into ADMIN.ORDERS (ID,DATE_CHECK_IN,DATE_CHECK_OUT,GREETING_NAME,MAIL,PHONE,COUNT_ADULTS,COUNT_CHILDREN,ORDER_STATUS_ID,ROOM_ID) values (61,to_date('19-DEC-16','DD-MON-RR'),to_date('20-DEC-16','DD-MON-RR'),'Ted Merphi4','merphi@mail.com','+4238173401',3,1,4,3);
Insert into ADMIN.ORDERS (ID,DATE_CHECK_IN,DATE_CHECK_OUT,GREETING_NAME,MAIL,PHONE,COUNT_ADULTS,COUNT_CHILDREN,ORDER_STATUS_ID,ROOM_ID) values (62,to_date('21-DEC-16','DD-MON-RR'),to_date('30-DEC-16','DD-MON-RR'),'Ted Merphi5','merphi@mail.com','+4238173401',3,1,2,3);
Insert into ADMIN.ORDERS (ID,DATE_CHECK_IN,DATE_CHECK_OUT,GREETING_NAME,MAIL,PHONE,COUNT_ADULTS,COUNT_CHILDREN,ORDER_STATUS_ID,ROOM_ID) values (63,to_date('28-DEC-16','DD-MON-RR'),to_date('30-DEC-16','DD-MON-RR'),'Ted Merphi6','merphi@mail.com','+4238173401',3,1,3,2);

  ========

  --------------------------------------------------------
--  File created - Thursday-March-16-2017
--------------------------------------------------------
--------------------------------------------------------
--  DDL for Table FEEDBACK
--------------------------------------------------------


  CREATE TABLE "ADMIN"."FEEDBACK"
   (	"ID" NUMBER(10,0) NOT NULL ENABLE,
	"THEME" VARCHAR2(35 BYTE),
	"MESSAGE" VARCHAR2(500 BYTE),
	"EMAIL" VARCHAR2(40 BYTE),
	 PRIMARY KEY ("ID")
  USING INDEX PCTFREE 10 INITRANS 2 MAXTRANS 255 COMPUTE STATISTICS
  STORAGE(INITIAL 65536 NEXT 1048576 MINEXTENTS 1 MAXEXTENTS 2147483645
  PCTINCREASE 0 FREELISTS 1 FREELIST GROUPS 1 BUFFER_POOL DEFAULT FLASH_CACHE DEFAULT CELL_FLASH_CACHE DEFAULT)
  TABLESPACE "SYSTEM"  ENABLE
   ) SEGMENT CREATION IMMEDIATE
  PCTFREE 10 PCTUSED 40 INITRANS 1 MAXTRANS 255 NOCOMPRESS LOGGING
  STORAGE(INITIAL 65536 NEXT 1048576 MINEXTENTS 1 MAXEXTENTS 2147483645
  PCTINCREASE 0 FREELISTS 1 FREELIST GROUPS 1 BUFFER_POOL DEFAULT FLASH_CACHE DEFAULT CELL_FLASH_CACHE DEFAULT)
  TABLESPACE "SYSTEM" ;

Insert into ADMIN.FEEDBACK (ID,THEME,MESSAGE,EMAIL) values (1,'good service','everything was perfect!',null);
Insert into ADMIN.FEEDBACK (ID,THEME,MESSAGE,EMAIL) values (2,'pool','dirty water. fix, please',null);
Insert into ADMIN.FEEDBACK (ID,THEME,MESSAGE,EMAIL) values (3,'bar','nice bar and lounge',null);
Insert into ADMIN.FEEDBACK (ID,THEME,MESSAGE,EMAIL) values (4,'restaurant','why there is no vegetarian food in menu?',null);
Insert into ADMIN.FEEDBACK (ID,THEME,MESSAGE,EMAIL) values (6,'45htbertgrth','wergh4yj4htgrfedvfbgth53y4wgrsb srtrgsdv vbrrsfdscx ghbe','wergwergwergwer');
Insert into ADMIN.FEEDBACK (ID,THEME,MESSAGE,EMAIL) values (15,'fcgfbfgnf','dfthsrthsrtjhsrthsrtj','srtdfgdrfg@rtxdfgsdth');
Insert into ADMIN.FEEDBACK (ID,THEME,MESSAGE,EMAIL) values (22,'rdthbsdfv','drthsrth','dfbsrgb');
Insert into ADMIN.FEEDBACK (ID,THEME,MESSAGE,EMAIL) values (31,'Для Сони','Эта страничка мне понравилась больше всего','cas@relex.ru');
Insert into ADMIN.FEEDBACK (ID,THEME,MESSAGE,EMAIL) values (9,null,null,null);
Insert into ADMIN.FEEDBACK (ID,THEME,MESSAGE,EMAIL) values (12,'fgfjuhgfgvn','vnbgfgdrtyygjghnvbfvdsrtdhgnbgvfdcfghnbvcxdzfghbnvcxxsadesrfhgjmnb bvzsrthedyhbgv yjcguhmhgb',null);
Insert into ADMIN.FEEDBACK (ID,THEME,MESSAGE,EMAIL) values (13,'fgryetrgfbnfghg','fgdfgsfdhnbgvgwsrydnhfgbvfd','dfhndseregfbdfgb');
Insert into ADMIN.FEEDBACK (ID,THEME,MESSAGE,EMAIL) values (14,'fgryetrgfbnfghg','fgdfgsfdhnbgvgwsrydnhfgbvfd','dfhndseregfbdfgb@drtdfgxhfnh');
Insert into ADMIN.FEEDBACK (ID,THEME,MESSAGE,EMAIL) values (16,'strhyw5','dxgdnseryhgbhry54bxgnm','ddthdfghfd@rtfh');
Insert into ADMIN.FEEDBACK (ID,THEME,MESSAGE,EMAIL) values (18,'drtyrthsrth','dfgsdrgsdfvsdgaw','srthergw4e5@drgdrfg');
Insert into ADMIN.FEEDBACK (ID,THEME,MESSAGE,EMAIL) values (19,'xdf','xdfbdshdfbg','srg@dfb');
Insert into ADMIN.FEEDBACK (ID,THEME,MESSAGE,EMAIL) values (20,'tdhfgafse','stsdrgfawefd','dfgsergt');
Insert into ADMIN.FEEDBACK (ID,THEME,MESSAGE,EMAIL) values (21,'xdn','cdfgn','fgn@dftgh');
Insert into ADMIN.FEEDBACK (ID,THEME,MESSAGE,EMAIL) values (26,'1234','123412341234','12341234');
Insert into ADMIN.FEEDBACK (ID,THEME,MESSAGE,EMAIL) values (27,'1234','123412341234','12341234');
Insert into ADMIN.FEEDBACK (ID,THEME,MESSAGE,EMAIL) values (29,'hghn','cvbcvbcvb','cbcvb');
Insert into ADMIN.FEEDBACK (ID,THEME,MESSAGE,EMAIL) values (7,null,null,null);
Insert into ADMIN.FEEDBACK (ID,THEME,MESSAGE,EMAIL) values (8,null,null,null);
Insert into ADMIN.FEEDBACK (ID,THEME,MESSAGE,EMAIL) values (10,'trtgewfrgbfnh','drtdrgef',null);
Insert into ADMIN.FEEDBACK (ID,THEME,MESSAGE,EMAIL) values (17,'driulgkjf.AD','fthfgfgdhgkejfefdglkfj','dftgreyuryt@fthdgfujkht');
Insert into ADMIN.FEEDBACK (ID,THEME,MESSAGE,EMAIL) values (23,'wqer','wqerqwerqwer','qwerqwerqwer');
Insert into ADMIN.FEEDBACK (ID,THEME,MESSAGE,EMAIL) values (28,'test','test','test@test');
Insert into ADMIN.FEEDBACK (ID,THEME,MESSAGE,EMAIL) values (30,'Hi you are so good','I''m impressed of your comfort. Thank you very much. ','hf@hjk.ru');
Insert into ADMIN.FEEDBACK (ID,THEME,MESSAGE,EMAIL) values (11,'fgfjuhgfgvn','vnbgfgdrtyygjghnvbfvdsrtdhgnbgvfdcfghnbvcxdzfghbnvcxxsadesrfhgjmnb bvzsrthedyhbgv yjcguhmhgb',null);
Insert into ADMIN.FEEDBACK (ID,THEME,MESSAGE,EMAIL) values (5,'theme','message','email');
Insert into ADMIN.FEEDBACK (ID,THEME,MESSAGE,EMAIL) values (24,'12345','111222333444555','1234@123');
Insert into ADMIN.FEEDBACK (ID,THEME,MESSAGE,EMAIL) values (25,'000','123456789987654321234567898765432123456789098765432`','000@000');

  =====

  --------------------------------------------------------
--  File created - Thursday-March-16-2017
--------------------------------------------------------
--------------------------------------------------------
--  DDL for Table ROOM_PRICE_TYPES
--------------------------------------------------------


  CREATE TABLE "ADMIN"."ROOM_PRICE_TYPES"
   (	"ID" NUMBER(10,0) NOT NULL ENABLE,
	"NAME" VARCHAR2(64 BYTE) NOT NULL ENABLE,
	"DESCRIPTION" VARCHAR2(256 BYTE) NOT NULL ENABLE,
	 PRIMARY KEY ("ID")
  USING INDEX PCTFREE 10 INITRANS 2 MAXTRANS 255 COMPUTE STATISTICS
  STORAGE(INITIAL 65536 NEXT 1048576 MINEXTENTS 1 MAXEXTENTS 2147483645
  PCTINCREASE 0 FREELISTS 1 FREELIST GROUPS 1 BUFFER_POOL DEFAULT FLASH_CACHE DEFAULT CELL_FLASH_CACHE DEFAULT)
  TABLESPACE "SYSTEM"  ENABLE
   ) SEGMENT CREATION IMMEDIATE
  PCTFREE 10 PCTUSED 40 INITRANS 1 MAXTRANS 255 NOCOMPRESS LOGGING
  STORAGE(INITIAL 65536 NEXT 1048576 MINEXTENTS 1 MAXEXTENTS 2147483645
  PCTINCREASE 0 FREELISTS 1 FREELIST GROUPS 1 BUFFER_POOL DEFAULT FLASH_CACHE DEFAULT CELL_FLASH_CACHE DEFAULT)
  TABLESPACE "SYSTEM" ;

Insert into ADMIN.ROOM_PRICE_TYPES (ID,NAME,DESCRIPTION) values (1,'LOW','low');
Insert into ADMIN.ROOM_PRICE_TYPES (ID,NAME,DESCRIPTION) values (2,'MIDDLE','middle');
Insert into ADMIN.ROOM_PRICE_TYPES (ID,NAME,DESCRIPTION) values (3,'HIGH','high');

  ======

  --------------------------------------------------------
--  File created - Thursday-March-16-2017
--------------------------------------------------------
--------------------------------------------------------
--  DDL for Table ROOM_PRICES
--------------------------------------------------------


  CREATE TABLE "ADMIN"."ROOM_PRICES"
   (	"ID" NUMBER(10,0) NOT NULL ENABLE,
	"ROOM_ID" NUMBER(10,0),
	"PRICE_TYPE_ID" NUMBER(10,0) NOT NULL ENABLE,
	"START_DATE" DATE NOT NULL ENABLE,
	"END_DATE" DATE NOT NULL ENABLE,
	"PRICE" NUMBER(10,0) NOT NULL ENABLE,
	 PRIMARY KEY ("ID")
  USING INDEX PCTFREE 10 INITRANS 2 MAXTRANS 255 COMPUTE STATISTICS
  STORAGE(INITIAL 65536 NEXT 1048576 MINEXTENTS 1 MAXEXTENTS 2147483645
  PCTINCREASE 0 FREELISTS 1 FREELIST GROUPS 1 BUFFER_POOL DEFAULT FLASH_CACHE DEFAULT CELL_FLASH_CACHE DEFAULT)
  TABLESPACE "SYSTEM"  ENABLE,
	 CONSTRAINT "ROOM_PRICE_FK_1" FOREIGN KEY ("ROOM_ID")
	  REFERENCES "ADMIN"."ROOMS" ("ID") ENABLE,
	 CONSTRAINT "ROOM_PRICE_FK_2" FOREIGN KEY ("PRICE_TYPE_ID")
	  REFERENCES "ADMIN"."ROOM_PRICE_TYPES" ("ID") ENABLE
   ) SEGMENT CREATION IMMEDIATE
  PCTFREE 10 PCTUSED 40 INITRANS 1 MAXTRANS 255 NOCOMPRESS LOGGING
  STORAGE(INITIAL 65536 NEXT 1048576 MINEXTENTS 1 MAXEXTENTS 2147483645
  PCTINCREASE 0 FREELISTS 1 FREELIST GROUPS 1 BUFFER_POOL DEFAULT FLASH_CACHE DEFAULT CELL_FLASH_CACHE DEFAULT)
  TABLESPACE "SYSTEM" ;

Insert into ADMIN.ROOM_PRICES (ID,ROOM_ID,PRICE_TYPE_ID,START_DATE,END_DATE,PRICE) values (1,34,1,to_date('05-DEC-16','DD-MON-RR'),to_date('06-DEC-16','DD-MON-RR'),150);
Insert into ADMIN.ROOM_PRICES (ID,ROOM_ID,PRICE_TYPE_ID,START_DATE,END_DATE,PRICE) values (2,34,2,to_date('07-DEC-16','DD-MON-RR'),to_date('09-DEC-16','DD-MON-RR'),200);

  =====

  --------------------------------------------------------
--  File created - Thursday-March-16-2017
--------------------------------------------------------
--------------------------------------------------------
--  DDL for Table ROOMS_COMMENTS
--------------------------------------------------------


  CREATE TABLE "ADMIN"."ROOMS_COMMENTS"
   (	"ID" NUMBER(10,0) NOT NULL ENABLE,
	"ROOM_ID" NUMBER(10,0) NOT NULL ENABLE,
	"DATE_COMMENT" DATE NOT NULL ENABLE,
	"FIRST_NAME" VARCHAR2(128 BYTE) NOT NULL ENABLE,
	"SECOND_NAME" VARCHAR2(128 BYTE) NOT NULL ENABLE,
	"EMAIL" VARCHAR2(128 BYTE) NOT NULL ENABLE,
	"PHONE" VARCHAR2(32 BYTE) NOT NULL ENABLE,
	"RATING_1" NUMBER(5,2) DEFAULT 0 NOT NULL ENABLE,
	"RATING_2" NUMBER(5,2) DEFAULT 0 NOT NULL ENABLE,
	"RATING_3" NUMBER(5,2) DEFAULT 0 NOT NULL ENABLE,
	"RATING_4" NUMBER(5,2) DEFAULT 0 NOT NULL ENABLE,
	"ROOM_COMMENT" CLOB NOT NULL ENABLE,
	"COMMENT_VISIBLE" NUMBER(1,0) DEFAULT 0 NOT NULL ENABLE,
	 PRIMARY KEY ("ID")
  USING INDEX PCTFREE 10 INITRANS 2 MAXTRANS 255 COMPUTE STATISTICS
  STORAGE(INITIAL 65536 NEXT 1048576 MINEXTENTS 1 MAXEXTENTS 2147483645
  PCTINCREASE 0 FREELISTS 1 FREELIST GROUPS 1 BUFFER_POOL DEFAULT FLASH_CACHE DEFAULT CELL_FLASH_CACHE DEFAULT)
  TABLESPACE "SYSTEM"  ENABLE
   ) SEGMENT CREATION IMMEDIATE
  PCTFREE 10 PCTUSED 40 INITRANS 1 MAXTRANS 255 NOCOMPRESS LOGGING
  STORAGE(INITIAL 65536 NEXT 1048576 MINEXTENTS 1 MAXEXTENTS 2147483645
  PCTINCREASE 0 FREELISTS 1 FREELIST GROUPS 1 BUFFER_POOL DEFAULT FLASH_CACHE DEFAULT CELL_FLASH_CACHE DEFAULT)
  TABLESPACE "SYSTEM"
 LOB ("ROOM_COMMENT") STORE AS BASICFILE (
  TABLESPACE "SYSTEM" ENABLE STORAGE IN ROW CHUNK 8192 RETENTION
  NOCACHE LOGGING
  STORAGE(INITIAL 65536 NEXT 1048576 MINEXTENTS 1 MAXEXTENTS 2147483645
  PCTINCREASE 0 FREELISTS 1 FREELIST GROUPS 1 BUFFER_POOL DEFAULT FLASH_CACHE DEFAULT CELL_FLASH_CACHE DEFAULT)) ;

   COMMENT ON COLUMN "ADMIN"."ROOMS_COMMENTS"."ID" IS 'ID comment';
   COMMENT ON COLUMN "ADMIN"."ROOMS_COMMENTS"."ROOM_ID" IS 'ID room';
   COMMENT ON COLUMN "ADMIN"."ROOMS_COMMENTS"."DATE_COMMENT" IS 'Date pushing comment';
   COMMENT ON COLUMN "ADMIN"."ROOMS_COMMENTS"."FIRST_NAME" IS 'First name pushing comment';
   COMMENT ON COLUMN "ADMIN"."ROOMS_COMMENTS"."SECOND_NAME" IS 'Second name pushing comment';
   COMMENT ON COLUMN "ADMIN"."ROOMS_COMMENTS"."EMAIL" IS 'Email user';
   COMMENT ON COLUMN "ADMIN"."ROOMS_COMMENTS"."PHONE" IS 'Phone user';
   COMMENT ON COLUMN "ADMIN"."ROOMS_COMMENTS"."RATING_1" IS 'Raiting comment 1, 1-5';
   COMMENT ON COLUMN "ADMIN"."ROOMS_COMMENTS"."RATING_2" IS 'Raiting comment 2, 1-5';
   COMMENT ON COLUMN "ADMIN"."ROOMS_COMMENTS"."RATING_3" IS 'Raiting comment 3, 1-5';
   COMMENT ON COLUMN "ADMIN"."ROOMS_COMMENTS"."RATING_4" IS 'Raiting comment 4, 1-5';
   COMMENT ON COLUMN "ADMIN"."ROOMS_COMMENTS"."ROOM_COMMENT" IS 'Comment about the room';
   COMMENT ON COLUMN "ADMIN"."ROOMS_COMMENTS"."COMMENT_VISIBLE" IS 'Visible comment(moderation, default 0 = unvisible, 1 = visible)';
   COMMENT ON TABLE "ADMIN"."ROOMS_COMMENTS"  IS 'Table comments rooms';


  ==========

  --------------------------------------------------------
--  File created - Thursday-March-16-2017
--------------------------------------------------------
--------------------------------------------------------
--  DDL for Table STATS
--------------------------------------------------------


  CREATE TABLE "ADMIN"."STATS"
   (	"ID" NUMBER(10,0) NOT NULL ENABLE,
	"WORK_DAY" DATE NOT NULL ENABLE,
	"ADULTS_NUMBER" NUMBER(10,0),
	"CHILDREN_NUMBER" NUMBER(10,0),
	"OCCUPIED_ROOMS_ONE" NUMBER(10,0),
	"OCCUPIED_ROOMS_TWO" NUMBER(10,0),
	"OCCUPIED_ROOMS_THREE" NUMBER(10,0),
	"OCCUPIED_ROOMS_FOUR" NUMBER(10,0),
	"OCCUPIED_ROOMS_FIVE" NUMBER(10,0),
	 PRIMARY KEY ("ID")
  USING INDEX PCTFREE 10 INITRANS 2 MAXTRANS 255 COMPUTE STATISTICS
  STORAGE(INITIAL 65536 NEXT 1048576 MINEXTENTS 1 MAXEXTENTS 2147483645
  PCTINCREASE 0 FREELISTS 1 FREELIST GROUPS 1 BUFFER_POOL DEFAULT FLASH_CACHE DEFAULT CELL_FLASH_CACHE DEFAULT)
  TABLESPACE "SYSTEM"  ENABLE
   ) SEGMENT CREATION IMMEDIATE
  PCTFREE 10 PCTUSED 40 INITRANS 1 MAXTRANS 255 NOCOMPRESS LOGGING
  STORAGE(INITIAL 65536 NEXT 1048576 MINEXTENTS 1 MAXEXTENTS 2147483645
  PCTINCREASE 0 FREELISTS 1 FREELIST GROUPS 1 BUFFER_POOL DEFAULT FLASH_CACHE DEFAULT CELL_FLASH_CACHE DEFAULT)
  TABLESPACE "SYSTEM" ;

Insert into ADMIN.STATS (ID,WORK_DAY,ADULTS_NUMBER,CHILDREN_NUMBER,OCCUPIED_ROOMS_ONE,OCCUPIED_ROOMS_TWO,OCCUPIED_ROOMS_THREE,OCCUPIED_ROOMS_FOUR,OCCUPIED_ROOMS_FIVE) values (90,to_date('05-DEC-16','DD-MON-RR'),2,0,0,0,0,0,0);
Insert into ADMIN.STATS (ID,WORK_DAY,ADULTS_NUMBER,CHILDREN_NUMBER,OCCUPIED_ROOMS_ONE,OCCUPIED_ROOMS_TWO,OCCUPIED_ROOMS_THREE,OCCUPIED_ROOMS_FOUR,OCCUPIED_ROOMS_FIVE) values (91,to_date('07-DEC-16','DD-MON-RR'),2,0,0,0,0,0,0);
Insert into ADMIN.STATS (ID,WORK_DAY,ADULTS_NUMBER,CHILDREN_NUMBER,OCCUPIED_ROOMS_ONE,OCCUPIED_ROOMS_TWO,OCCUPIED_ROOMS_THREE,OCCUPIED_ROOMS_FOUR,OCCUPIED_ROOMS_FIVE) values (92,to_date('09-DEC-16','DD-MON-RR'),2,0,0,0,0,0,0);
Insert into ADMIN.STATS (ID,WORK_DAY,ADULTS_NUMBER,CHILDREN_NUMBER,OCCUPIED_ROOMS_ONE,OCCUPIED_ROOMS_TWO,OCCUPIED_ROOMS_THREE,OCCUPIED_ROOMS_FOUR,OCCUPIED_ROOMS_FIVE) values (93,to_date('24-NOV-16','DD-MON-RR'),1,0,0,0,0,0,0);
Insert into ADMIN.STATS (ID,WORK_DAY,ADULTS_NUMBER,CHILDREN_NUMBER,OCCUPIED_ROOMS_ONE,OCCUPIED_ROOMS_TWO,OCCUPIED_ROOMS_THREE,OCCUPIED_ROOMS_FOUR,OCCUPIED_ROOMS_FIVE) values (94,to_date('26-NOV-16','DD-MON-RR'),1,0,0,0,0,0,0);
Insert into ADMIN.STATS (ID,WORK_DAY,ADULTS_NUMBER,CHILDREN_NUMBER,OCCUPIED_ROOMS_ONE,OCCUPIED_ROOMS_TWO,OCCUPIED_ROOMS_THREE,OCCUPIED_ROOMS_FOUR,OCCUPIED_ROOMS_FIVE) values (95,to_date('28-NOV-16','DD-MON-RR'),1,0,0,0,0,0,0);
Insert into ADMIN.STATS (ID,WORK_DAY,ADULTS_NUMBER,CHILDREN_NUMBER,OCCUPIED_ROOMS_ONE,OCCUPIED_ROOMS_TWO,OCCUPIED_ROOMS_THREE,OCCUPIED_ROOMS_FOUR,OCCUPIED_ROOMS_FIVE) values (96,to_date('30-NOV-16','DD-MON-RR'),1,0,0,0,0,0,0);
Insert into ADMIN.STATS (ID,WORK_DAY,ADULTS_NUMBER,CHILDREN_NUMBER,OCCUPIED_ROOMS_ONE,OCCUPIED_ROOMS_TWO,OCCUPIED_ROOMS_THREE,OCCUPIED_ROOMS_FOUR,OCCUPIED_ROOMS_FIVE) values (97,to_date('02-DEC-16','DD-MON-RR'),1,0,0,0,0,0,0);
Insert into ADMIN.STATS (ID,WORK_DAY,ADULTS_NUMBER,CHILDREN_NUMBER,OCCUPIED_ROOMS_ONE,OCCUPIED_ROOMS_TWO,OCCUPIED_ROOMS_THREE,OCCUPIED_ROOMS_FOUR,OCCUPIED_ROOMS_FIVE) values (98,to_date('11-DEC-16','DD-MON-RR'),1,0,0,0,0,0,0);
Insert into ADMIN.STATS (ID,WORK_DAY,ADULTS_NUMBER,CHILDREN_NUMBER,OCCUPIED_ROOMS_ONE,OCCUPIED_ROOMS_TWO,OCCUPIED_ROOMS_THREE,OCCUPIED_ROOMS_FOUR,OCCUPIED_ROOMS_FIVE) values (99,to_date('11-NOV-16','DD-MON-RR'),3,1,0,0,0,0,0);
Insert into ADMIN.STATS (ID,WORK_DAY,ADULTS_NUMBER,CHILDREN_NUMBER,OCCUPIED_ROOMS_ONE,OCCUPIED_ROOMS_TWO,OCCUPIED_ROOMS_THREE,OCCUPIED_ROOMS_FOUR,OCCUPIED_ROOMS_FIVE) values (100,to_date('13-NOV-16','DD-MON-RR'),3,1,0,0,0,0,0);
Insert into ADMIN.STATS (ID,WORK_DAY,ADULTS_NUMBER,CHILDREN_NUMBER,OCCUPIED_ROOMS_ONE,OCCUPIED_ROOMS_TWO,OCCUPIED_ROOMS_THREE,OCCUPIED_ROOMS_FOUR,OCCUPIED_ROOMS_FIVE) values (101,to_date('15-NOV-16','DD-MON-RR'),3,1,0,0,0,0,0);
Insert into ADMIN.STATS (ID,WORK_DAY,ADULTS_NUMBER,CHILDREN_NUMBER,OCCUPIED_ROOMS_ONE,OCCUPIED_ROOMS_TWO,OCCUPIED_ROOMS_THREE,OCCUPIED_ROOMS_FOUR,OCCUPIED_ROOMS_FIVE) values (102,to_date('17-NOV-16','DD-MON-RR'),3,1,0,0,0,0,0);
Insert into ADMIN.STATS (ID,WORK_DAY,ADULTS_NUMBER,CHILDREN_NUMBER,OCCUPIED_ROOMS_ONE,OCCUPIED_ROOMS_TWO,OCCUPIED_ROOMS_THREE,OCCUPIED_ROOMS_FOUR,OCCUPIED_ROOMS_FIVE) values (103,to_date('19-NOV-16','DD-MON-RR'),3,1,0,0,0,0,0);
Insert into ADMIN.STATS (ID,WORK_DAY,ADULTS_NUMBER,CHILDREN_NUMBER,OCCUPIED_ROOMS_ONE,OCCUPIED_ROOMS_TWO,OCCUPIED_ROOMS_THREE,OCCUPIED_ROOMS_FOUR,OCCUPIED_ROOMS_FIVE) values (104,to_date('21-NOV-16','DD-MON-RR'),3,1,0,0,0,0,0);
Insert into ADMIN.STATS (ID,WORK_DAY,ADULTS_NUMBER,CHILDREN_NUMBER,OCCUPIED_ROOMS_ONE,OCCUPIED_ROOMS_TWO,OCCUPIED_ROOMS_THREE,OCCUPIED_ROOMS_FOUR,OCCUPIED_ROOMS_FIVE) values (105,to_date('03-JAN-70','DD-MON-RR'),1,0,0,0,0,0,0);
Insert into ADMIN.STATS (ID,WORK_DAY,ADULTS_NUMBER,CHILDREN_NUMBER,OCCUPIED_ROOMS_ONE,OCCUPIED_ROOMS_TWO,OCCUPIED_ROOMS_THREE,OCCUPIED_ROOMS_FOUR,OCCUPIED_ROOMS_FIVE) values (106,to_date('05-JAN-70','DD-MON-RR'),1,0,0,0,0,0,0);
Insert into ADMIN.STATS (ID,WORK_DAY,ADULTS_NUMBER,CHILDREN_NUMBER,OCCUPIED_ROOMS_ONE,OCCUPIED_ROOMS_TWO,OCCUPIED_ROOMS_THREE,OCCUPIED_ROOMS_FOUR,OCCUPIED_ROOMS_FIVE) values (107,to_date('21-DEC-16','DD-MON-RR'),1,0,0,0,0,0,0);
Insert into ADMIN.STATS (ID,WORK_DAY,ADULTS_NUMBER,CHILDREN_NUMBER,OCCUPIED_ROOMS_ONE,OCCUPIED_ROOMS_TWO,OCCUPIED_ROOMS_THREE,OCCUPIED_ROOMS_FOUR,OCCUPIED_ROOMS_FIVE) values (108,to_date('23-DEC-16','DD-MON-RR'),1,0,0,0,0,0,0);
Insert into ADMIN.STATS (ID,WORK_DAY,ADULTS_NUMBER,CHILDREN_NUMBER,OCCUPIED_ROOMS_ONE,OCCUPIED_ROOMS_TWO,OCCUPIED_ROOMS_THREE,OCCUPIED_ROOMS_FOUR,OCCUPIED_ROOMS_FIVE) values (109,to_date('25-DEC-16','DD-MON-RR'),1,0,0,0,0,0,0);
Insert into ADMIN.STATS (ID,WORK_DAY,ADULTS_NUMBER,CHILDREN_NUMBER,OCCUPIED_ROOMS_ONE,OCCUPIED_ROOMS_TWO,OCCUPIED_ROOMS_THREE,OCCUPIED_ROOMS_FOUR,OCCUPIED_ROOMS_FIVE) values (110,to_date('27-DEC-16','DD-MON-RR'),1,0,0,0,0,0,0);
Insert into ADMIN.STATS (ID,WORK_DAY,ADULTS_NUMBER,CHILDREN_NUMBER,OCCUPIED_ROOMS_ONE,OCCUPIED_ROOMS_TWO,OCCUPIED_ROOMS_THREE,OCCUPIED_ROOMS_FOUR,OCCUPIED_ROOMS_FIVE) values (111,to_date('29-DEC-16','DD-MON-RR'),1,0,0,0,0,0,0);
Insert into ADMIN.STATS (ID,WORK_DAY,ADULTS_NUMBER,CHILDREN_NUMBER,OCCUPIED_ROOMS_ONE,OCCUPIED_ROOMS_TWO,OCCUPIED_ROOMS_THREE,OCCUPIED_ROOMS_FOUR,OCCUPIED_ROOMS_FIVE) values (112,to_date('31-DEC-16','DD-MON-RR'),1,0,0,0,0,0,0);
Insert into ADMIN.STATS (ID,WORK_DAY,ADULTS_NUMBER,CHILDREN_NUMBER,OCCUPIED_ROOMS_ONE,OCCUPIED_ROOMS_TWO,OCCUPIED_ROOMS_THREE,OCCUPIED_ROOMS_FOUR,OCCUPIED_ROOMS_FIVE) values (113,to_date('13-DEC-16','DD-MON-RR'),1,0,0,0,0,0,0);
Insert into ADMIN.STATS (ID,WORK_DAY,ADULTS_NUMBER,CHILDREN_NUMBER,OCCUPIED_ROOMS_ONE,OCCUPIED_ROOMS_TWO,OCCUPIED_ROOMS_THREE,OCCUPIED_ROOMS_FOUR,OCCUPIED_ROOMS_FIVE) values (114,to_date('15-DEC-16','DD-MON-RR'),1,0,0,0,0,0,0);
Insert into ADMIN.STATS (ID,WORK_DAY,ADULTS_NUMBER,CHILDREN_NUMBER,OCCUPIED_ROOMS_ONE,OCCUPIED_ROOMS_TWO,OCCUPIED_ROOMS_THREE,OCCUPIED_ROOMS_FOUR,OCCUPIED_ROOMS_FIVE) values (115,to_date('17-DEC-16','DD-MON-RR'),1,0,0,0,0,0,0);
Insert into ADMIN.STATS (ID,WORK_DAY,ADULTS_NUMBER,CHILDREN_NUMBER,OCCUPIED_ROOMS_ONE,OCCUPIED_ROOMS_TWO,OCCUPIED_ROOMS_THREE,OCCUPIED_ROOMS_FOUR,OCCUPIED_ROOMS_FIVE) values (116,to_date('19-DEC-16','DD-MON-RR'),1,0,0,0,0,0,0);

  =======

  --------------------------------------------------------
--  File created - Thursday-March-16-2017
--------------------------------------------------------
--------------------------------------------------------
--  DDL for Table EMAIL
--------------------------------------------------------


  CREATE TABLE "ADMIN"."EMAIL"
   (	"ID" NUMBER(10,0) NOT NULL ENABLE,
	"EMAIL_ADDRESS" VARCHAR2(50 BYTE),
	 PRIMARY KEY ("ID")
  USING INDEX PCTFREE 10 INITRANS 2 MAXTRANS 255 COMPUTE STATISTICS
  STORAGE(INITIAL 65536 NEXT 1048576 MINEXTENTS 1 MAXEXTENTS 2147483645
  PCTINCREASE 0 FREELISTS 1 FREELIST GROUPS 1 BUFFER_POOL DEFAULT FLASH_CACHE DEFAULT CELL_FLASH_CACHE DEFAULT)
  TABLESPACE "SYSTEM"  ENABLE
   ) SEGMENT CREATION IMMEDIATE
  PCTFREE 10 PCTUSED 40 INITRANS 1 MAXTRANS 255 NOCOMPRESS LOGGING
  STORAGE(INITIAL 65536 NEXT 1048576 MINEXTENTS 1 MAXEXTENTS 2147483645
  PCTINCREASE 0 FREELISTS 1 FREELIST GROUPS 1 BUFFER_POOL DEFAULT FLASH_CACHE DEFAULT CELL_FLASH_CACHE DEFAULT)
  TABLESPACE "SYSTEM" ;

Insert into ADMIN.EMAIL (ID,EMAIL_ADDRESS) values (1,'wergwergwergwer');
Insert into ADMIN.EMAIL (ID,EMAIL_ADDRESS) values (2,'123412341234@213412341234');
Insert into ADMIN.EMAIL (ID,EMAIL_ADDRESS) values (3,'23423423@qwrqweqwe');
Insert into ADMIN.EMAIL (ID,EMAIL_ADDRESS) values (4,'4769897654@12312');
Insert into ADMIN.EMAIL (ID,EMAIL_ADDRESS) values (5,null);
Insert into ADMIN.EMAIL (ID,EMAIL_ADDRESS) values (6,'4234324@fewwd123');
Insert into ADMIN.EMAIL (ID,EMAIL_ADDRESS) values (7,'vsv@dfvsd.org');
Insert into ADMIN.EMAIL (ID,EMAIL_ADDRESS) values (8,'123@123.com');
Insert into ADMIN.EMAIL (ID,EMAIL_ADDRESS) values (9,'wefvsbdfsd@zsdfsdfbg');

  =======

 --------------------------------------------------------
--  File created - Thursday-March-16-2017
--------------------------------------------------------
--------------------------------------------------------
--  DDL for Table ROLES
--------------------------------------------------------

  CREATE TABLE "ADMIN"."ROLES"
   (	"ROLE_ID" NUMBER(19,0) NOT NULL ENABLE,
	"CODE" VARCHAR2(64 BYTE) NOT NULL ENABLE,
	"DESCRIPTION" VARCHAR2(256 BYTE),
	 CONSTRAINT "ROLES_PK" PRIMARY KEY ("ROLE_ID")
  USING INDEX PCTFREE 10 INITRANS 2 MAXTRANS 255 COMPUTE STATISTICS
  STORAGE(INITIAL 65536 NEXT 1048576 MINEXTENTS 1 MAXEXTENTS 2147483645
  PCTINCREASE 0 FREELISTS 1 FREELIST GROUPS 1 BUFFER_POOL DEFAULT FLASH_CACHE DEFAULT CELL_FLASH_CACHE DEFAULT)
  TABLESPACE "SYSTEM"  ENABLE
   ) SEGMENT CREATION IMMEDIATE
  PCTFREE 10 PCTUSED 40 INITRANS 1 MAXTRANS 255 NOCOMPRESS LOGGING
  STORAGE(INITIAL 65536 NEXT 1048576 MINEXTENTS 1 MAXEXTENTS 2147483645
  PCTINCREASE 0 FREELISTS 1 FREELIST GROUPS 1 BUFFER_POOL DEFAULT FLASH_CACHE DEFAULT CELL_FLASH_CACHE DEFAULT)
  TABLESPACE "SYSTEM" ;

Insert into ADMIN.ROLES (ROLE_ID,CODE,DESCRIPTION) values (1,'ADMIN','Администратор');
Insert into ADMIN.ROLES (ROLE_ID,CODE,DESCRIPTION) values (2,'USER','Пользователь');

======

--------------------------------------------------------
--  File created - Thursday-March-16-2017
--------------------------------------------------------
--------------------------------------------------------
--  DDL for Table USERS
--------------------------------------------------------


  CREATE TABLE "ADMIN"."USERS"
   (	"USER_ID" NUMBER(19,0) NOT NULL ENABLE,
	"USER_NAME" VARCHAR2(64 BYTE) NOT NULL ENABLE,
	"PASSWORD" CHAR(88 BYTE) NOT NULL ENABLE,
	"IS_LOCKED" NUMBER(2,0) DEFAULT 0,
	"CREATED" DATE DEFAULT SYSDATE,
	 CONSTRAINT "USERS_PK" PRIMARY KEY ("USER_ID")
  USING INDEX PCTFREE 10 INITRANS 2 MAXTRANS 255 COMPUTE STATISTICS
  STORAGE(INITIAL 65536 NEXT 1048576 MINEXTENTS 1 MAXEXTENTS 2147483645
  PCTINCREASE 0 FREELISTS 1 FREELIST GROUPS 1 BUFFER_POOL DEFAULT FLASH_CACHE DEFAULT CELL_FLASH_CACHE DEFAULT)
  TABLESPACE "SYSTEM"  ENABLE
   ) SEGMENT CREATION IMMEDIATE
  PCTFREE 10 PCTUSED 40 INITRANS 1 MAXTRANS 255 NOCOMPRESS LOGGING
  STORAGE(INITIAL 65536 NEXT 1048576 MINEXTENTS 1 MAXEXTENTS 2147483645
  PCTINCREASE 0 FREELISTS 1 FREELIST GROUPS 1 BUFFER_POOL DEFAULT FLASH_CACHE DEFAULT CELL_FLASH_CACHE DEFAULT)
  TABLESPACE "SYSTEM" ;

   COMMENT ON COLUMN "ADMIN"."USERS"."USER_ID" IS 'Идентификатор пользователя';
   COMMENT ON COLUMN "ADMIN"."USERS"."USER_NAME" IS 'Имя пользователя (логин)';
   COMMENT ON COLUMN "ADMIN"."USERS"."PASSWORD" IS 'хэш пароля и соли пользователя в BASE64';
   COMMENT ON COLUMN "ADMIN"."USERS"."IS_LOCKED" IS '1 - для заблокированных пользователей';
   COMMENT ON COLUMN "ADMIN"."USERS"."CREATED" IS 'Дата и время создания пользователя';

Insert into ADMIN.USERS (USER_ID,USER_NAME,PASSWORD,IS_LOCKED,CREATED) values (1,'admin','PZb2t5Mkbk6/RYPJO1wW5sTbogKcls8mm+LyrJOcKJENrAmE49hzmKnJr5+EdaIntNLig+eJvUShDLqZ7B1ZPA==',0,to_date('07-NOV-16','DD-MON-RR'));

==========

--------------------------------------------------------
--  File created - Thursday-March-16-2017
--------------------------------------------------------
--------------------------------------------------------
--  DDL for Table USER_ROLES
--------------------------------------------------------


  CREATE TABLE "ADMIN"."USER_ROLES"
   (	"USER_ID" NUMBER(19,0) NOT NULL ENABLE,
	"ROLE_ID" NUMBER(19,0) NOT NULL ENABLE,
	 CONSTRAINT "USER_ROLES_PK" PRIMARY KEY ("USER_ID", "ROLE_ID")
  USING INDEX PCTFREE 10 INITRANS 2 MAXTRANS 255 COMPUTE STATISTICS
  STORAGE(INITIAL 65536 NEXT 1048576 MINEXTENTS 1 MAXEXTENTS 2147483645
  PCTINCREASE 0 FREELISTS 1 FREELIST GROUPS 1 BUFFER_POOL DEFAULT FLASH_CACHE DEFAULT CELL_FLASH_CACHE DEFAULT)
  TABLESPACE "SYSTEM"  ENABLE,
	 CONSTRAINT "USER_ROLES_FK1" FOREIGN KEY ("USER_ID")
	  REFERENCES "ADMIN"."USERS" ("USER_ID") ON DELETE CASCADE ENABLE,
	 CONSTRAINT "USER_ROLES_FK2" FOREIGN KEY ("ROLE_ID")
	  REFERENCES "ADMIN"."ROLES" ("ROLE_ID") ON DELETE CASCADE ENABLE
   ) SEGMENT CREATION IMMEDIATE
  PCTFREE 10 PCTUSED 40 INITRANS 1 MAXTRANS 255 NOCOMPRESS LOGGING
  STORAGE(INITIAL 65536 NEXT 1048576 MINEXTENTS 1 MAXEXTENTS 2147483645
  PCTINCREASE 0 FREELISTS 1 FREELIST GROUPS 1 BUFFER_POOL DEFAULT FLASH_CACHE DEFAULT CELL_FLASH_CACHE DEFAULT)
  TABLESPACE "SYSTEM" ;

Insert into ADMIN.USER_ROLES (USER_ID,ROLE_ID) values (1,1);

=======

--------------------------------------------------------
--  File created - Thursday-March-16-2017
--------------------------------------------------------
--------------------------------------------------------
--  DDL for Table LOG_TYPES
--------------------------------------------------------


  CREATE TABLE "ADMIN"."LOG_TYPES"
   (	"LOG_TYPE_ID" NUMBER(19,0) NOT NULL ENABLE,
	"NAME" VARCHAR2(256 BYTE) NOT NULL ENABLE,
	 CONSTRAINT "LOG_TYPES_PK" PRIMARY KEY ("LOG_TYPE_ID")
  USING INDEX PCTFREE 10 INITRANS 2 MAXTRANS 255 COMPUTE STATISTICS
  STORAGE(INITIAL 65536 NEXT 1048576 MINEXTENTS 1 MAXEXTENTS 2147483645
  PCTINCREASE 0 FREELISTS 1 FREELIST GROUPS 1 BUFFER_POOL DEFAULT FLASH_CACHE DEFAULT CELL_FLASH_CACHE DEFAULT)
  TABLESPACE "SYSTEM"  ENABLE
   ) SEGMENT CREATION IMMEDIATE
  PCTFREE 10 PCTUSED 40 INITRANS 1 MAXTRANS 255 NOCOMPRESS LOGGING
  STORAGE(INITIAL 65536 NEXT 1048576 MINEXTENTS 1 MAXEXTENTS 2147483645
  PCTINCREASE 0 FREELISTS 1 FREELIST GROUPS 1 BUFFER_POOL DEFAULT FLASH_CACHE DEFAULT CELL_FLASH_CACHE DEFAULT)
  TABLESPACE "SYSTEM" ;

Insert into ADMIN.LOG_TYPES (LOG_TYPE_ID,NAME) values (1,'USER CREATE');
Insert into ADMIN.LOG_TYPES (LOG_TYPE_ID,NAME) values (2,'LOGIN');
Insert into ADMIN.LOG_TYPES (LOG_TYPE_ID,NAME) values (3,'LOGOUT');
--------------------------------------------------------
--  DDL for Index LOG_TYPES_PK
--------------------------------------------------------

  CREATE UNIQUE INDEX "ADMIN"."LOG_TYPES_PK" ON "ADMIN"."LOG_TYPES" ("LOG_TYPE_ID")
  PCTFREE 10 INITRANS 2 MAXTRANS 255 COMPUTE STATISTICS
  STORAGE(INITIAL 65536 NEXT 1048576 MINEXTENTS 1 MAXEXTENTS 2147483645
  PCTINCREASE 0 FREELISTS 1 FREELIST GROUPS 1 BUFFER_POOL DEFAULT FLASH_CACHE DEFAULT CELL_FLASH_CACHE DEFAULT)
  TABLESPACE "SYSTEM" ;

=========

--------------------------------------------------------
--  File created - Thursday-March-16-2017
--------------------------------------------------------
--------------------------------------------------------
--  DDL for Table LOGS
--------------------------------------------------------

  CREATE TABLE "ADMIN"."LOGS"
   (	"LOG_ID" NUMBER(19,0) NOT NULL ENABLE,
	"USER_ID" NUMBER(19,0),
	"LOG_TYPE_ID" NUMBER(19,0) NOT NULL ENABLE,
	"LOG_TIME" DATE DEFAULT SYSDATE,
	"MESSAGE" VARCHAR2(256 BYTE),
	 CONSTRAINT "LOGS_PK" PRIMARY KEY ("LOG_ID")
  USING INDEX PCTFREE 10 INITRANS 2 MAXTRANS 255 COMPUTE STATISTICS
  STORAGE(INITIAL 65536 NEXT 1048576 MINEXTENTS 1 MAXEXTENTS 2147483645
  PCTINCREASE 0 FREELISTS 1 FREELIST GROUPS 1 BUFFER_POOL DEFAULT FLASH_CACHE DEFAULT CELL_FLASH_CACHE DEFAULT)
  TABLESPACE "SYSTEM"  ENABLE,
	 CONSTRAINT "LOGS_FK1" FOREIGN KEY ("USER_ID")
	  REFERENCES "ADMIN"."USERS" ("USER_ID") ON DELETE CASCADE ENABLE,
	 CONSTRAINT "LOGS_FK2" FOREIGN KEY ("LOG_TYPE_ID")
	  REFERENCES "ADMIN"."LOG_TYPES" ("LOG_TYPE_ID") ON DELETE CASCADE ENABLE
   ) SEGMENT CREATION IMMEDIATE
  PCTFREE 10 PCTUSED 40 INITRANS 1 MAXTRANS 255 NOCOMPRESS LOGGING
  STORAGE(INITIAL 65536 NEXT 1048576 MINEXTENTS 1 MAXEXTENTS 2147483645
  PCTINCREASE 0 FREELISTS 1 FREELIST GROUPS 1 BUFFER_POOL DEFAULT FLASH_CACHE DEFAULT CELL_FLASH_CACHE DEFAULT)
  TABLESPACE "SYSTEM" ;

